[0.000000] (-) TimerEvent: {}
[0.000176] (my_first_package) JobQueued: {'identifier': 'my_first_package', 'dependencies': OrderedDict()}
[0.000211] (my_first_package_msgs) JobQueued: {'identifier': 'my_first_package_msgs', 'dependencies': OrderedDict()}
[0.000377] (my_first_package) JobStarted: {'identifier': 'my_first_package'}
[0.005192] (my_first_package_msgs) JobStarted: {'identifier': 'my_first_package_msgs'}
[0.009279] (my_first_package) JobProgress: {'identifier': 'my_first_package', 'progress': 'cmake'}
[0.009758] (my_first_package) JobProgress: {'identifier': 'my_first_package', 'progress': 'build'}
[0.010469] (my_first_package) Command: {'cmd': ['/usr/bin/cmake', '--build', '/home/tm/dev_ws/ros_c++/build/my_first_package', '--', '-j12', '-l12'], 'cwd': '/home/tm/dev_ws/ros_c++/build/my_first_package', 'env': OrderedDict({'GJS_DEBUG_TOPICS': 'JS ERROR;JS LOG', 'LESSOPEN': '| /usr/bin/lesspipe %s', 'USER': 'tm', 'LC_TIME': 'en_US.UTF-8', 'GZ_CONFIG_PATH': '/opt/ros/jazzy/opt/sdformat_vendor/share/gz', 'XDG_SESSION_TYPE': 'x11', 'GIT_ASKPASS': '/usr/share/code/resources/app/extensions/git/dist/askpass.sh', 'CLUTTER_DISABLE_MIPMAPPED_TEXT': '1', 'SHLVL': '2', 'LD_LIBRARY_PATH': '/home/tm/dev_ws/ros_c++/install/my_first_package_msgs/lib:/home/tm/dev_ws/ros/install/my_first_package_msgs/lib:/opt/ros/jazzy/opt/sdformat_vendor/lib:/opt/ros/jazzy/opt/rviz_ogre_vendor/lib:/opt/ros/jazzy/lib/x86_64-linux-gnu:/opt/ros/jazzy/opt/gz_math_vendor/lib:/opt/ros/jazzy/opt/gz_utils_vendor/lib:/opt/ros/jazzy/opt/gz_tools_vendor/lib:/opt/ros/jazzy/opt/gz_cmake_vendor/lib:/opt/ros/jazzy/lib', 'HOME': '/home/tm', 'CHROME_DESKTOP': 'code.desktop', 'OLDPWD': '/home/tm/dev_ws/ros_c++/src', 'TERM_PROGRAM_VERSION': '1.99.2', 'DESKTOP_SESSION': 'ubuntu', 'GIO_LAUNCHED_DESKTOP_FILE': '/usr/share/applications/terminator.desktop', 'ROS_PYTHON_VERSION': '3', 'GNOME_SHELL_SESSION_MODE': 'ubuntu', 'GTK_MODULES': 'gail:atk-bridge', 'VSCODE_GIT_ASKPASS_MAIN': '/usr/share/code/resources/app/extensions/git/dist/askpass-main.js', 'PS1': '\\[\x1b]633;A\x07\\](ros) \\[\x1b]633;A\x07\\]\\[\\e[1;34m\\](ID: ${ROS_DOMAIN_ID:-0})\\[\\e[1;32m\\]\\u\\[\\e[0m\\]:\\[\\e[1;34m\\]\\w\\[\\e[0m\\]$ \\[\x1b]633;B\x07\\]\\[\x1b]633;B\x07\\]', 'LC_MONETARY': 'en_US.UTF-8', 'VSCODE_GIT_ASKPASS_NODE': '/usr/share/code/code', 'MANAGERPID': '2507', 'SYSTEMD_EXEC_PID': '2951', 'GSM_SKIP_SSH_AGENT_WORKAROUND': 'true', 'DBUS_SESSION_BUS_ADDRESS': 'unix:path=/run/user/1000/bus', 'COLORTERM': 'truecolor', 'TERMINATOR_DBUS_NAME': 'net.tenshu.Terminator23558193cd9818af7fe4d2c2f5bd9d00f', 'GIO_LAUNCHED_DESKTOP_FILE_PID': '3685', 'DEBUGINFOD_URLS': 'https://debuginfod.ubuntu.com', 'COLCON_PREFIX_PATH': '/home/tm/dev_ws/ros_c++/install:/home/tm/dev_ws/ros/install', 'ROS_DISTRO': 'jazzy', 'LOGNAME': 'tm', 'JOURNAL_STREAM': '9:27723', '_': '/usr/bin/colcon', 'ROS_VERSION': '2', 'MEMORY_PRESSURE_WATCH': '/sys/fs/cgroup/user.slice/user-1000.slice/user@1000.service/session.slice/org.gnome.Shell@x11.service/memory.pressure', 'XDG_SESSION_CLASS': 'user', 'USERNAME': 'tm', 'TERM': 'xterm-256color', 'GNOME_DESKTOP_SESSION_ID': 'this-is-deprecated', 'ROS_LOCALHOST_ONLY': '1', 'WINDOWPATH': '2', 'PATH': '/home/tm/venv/ros/bin:/opt/ros/jazzy/opt/gz_tools_vendor/bin:/opt/ros/jazzy/bin:/home/tm/venv/ros/bin:/home/tm/.local/bin:/usr/local/sbin:/usr/local/bin:/usr/sbin:/usr/bin:/sbin:/bin:/usr/games:/usr/local/games:/snap/bin:/snap/bin', 'SESSION_MANAGER': 'local/tm-GF65-Thin-10UE:@/tmp/.ICE-unix/2910,unix/tm-GF65-Thin-10UE:/tmp/.ICE-unix/2910', 'INVOCATION_ID': '8572a02b626f4a79854a71ddb6f48bcb', 'PAPERSIZE': 'letter', 'XDG_MENU_PREFIX': 'gnome-', 'LC_ADDRESS': 'en_US.UTF-8', 'XDG_RUNTIME_DIR': '/run/user/1000', 'GDK_BACKEND': 'x11', 'DISPLAY': ':1', 'TERMINATOR_DBUS_PATH': '/net/tenshu/Terminator2', 'LANG': 'en_US.UTF-8', 'XDG_CURRENT_DESKTOP': 'Unity', 'LC_TELEPHONE': 'en_US.UTF-8', 'VIRTUAL_ENV_PROMPT': '(ros)', 'XMODIFIERS': '@im=ibus', 'XDG_SESSION_DESKTOP': 'ubuntu', 'XAUTHORITY': '/run/user/1000/gdm/Xauthority', 'LS_COLORS': 'rs=0:di=01;34:ln=01;36:mh=00:pi=40;33:so=01;35:do=01;35:bd=40;33;01:cd=40;33;01:or=40;31;01:mi=00:su=37;41:sg=30;43:ca=00:tw=30;42:ow=34;42:st=37;44:ex=01;32:*.tar=01;31:*.tgz=01;31:*.arc=01;31:*.arj=01;31:*.taz=01;31:*.lha=01;31:*.lz4=01;31:*.lzh=01;31:*.lzma=01;31:*.tlz=01;31:*.txz=01;31:*.tzo=01;31:*.t7z=01;31:*.zip=01;31:*.z=01;31:*.dz=01;31:*.gz=01;31:*.lrz=01;31:*.lz=01;31:*.lzo=01;31:*.xz=01;31:*.zst=01;31:*.tzst=01;31:*.bz2=01;31:*.bz=01;31:*.tbz=01;31:*.tbz2=01;31:*.tz=01;31:*.deb=01;31:*.rpm=01;31:*.jar=01;31:*.war=01;31:*.ear=01;31:*.sar=01;31:*.rar=01;31:*.alz=01;31:*.ace=01;31:*.zoo=01;31:*.cpio=01;31:*.7z=01;31:*.rz=01;31:*.cab=01;31:*.wim=01;31:*.swm=01;31:*.dwm=01;31:*.esd=01;31:*.avif=01;35:*.jpg=01;35:*.jpeg=01;35:*.mjpg=01;35:*.mjpeg=01;35:*.gif=01;35:*.bmp=01;35:*.pbm=01;35:*.pgm=01;35:*.ppm=01;35:*.tga=01;35:*.xbm=01;35:*.xpm=01;35:*.tif=01;35:*.tiff=01;35:*.png=01;35:*.svg=01;35:*.svgz=01;35:*.mng=01;35:*.pcx=01;35:*.mov=01;35:*.mpg=01;35:*.mpeg=01;35:*.m2v=01;35:*.mkv=01;35:*.webm=01;35:*.webp=01;35:*.ogm=01;35:*.mp4=01;35:*.m4v=01;35:*.mp4v=01;35:*.vob=01;35:*.qt=01;35:*.nuv=01;35:*.wmv=01;35:*.asf=01;35:*.rm=01;35:*.rmvb=01;35:*.flc=01;35:*.avi=01;35:*.fli=01;35:*.flv=01;35:*.gl=01;35:*.dl=01;35:*.xcf=01;35:*.xwd=01;35:*.yuv=01;35:*.cgm=01;35:*.emf=01;35:*.ogv=01;35:*.ogx=01;35:*.aac=00;36:*.au=00;36:*.flac=00;36:*.m4a=00;36:*.mid=00;36:*.midi=00;36:*.mka=00;36:*.mp3=00;36:*.mpc=00;36:*.ogg=00;36:*.ra=00;36:*.wav=00;36:*.oga=00;36:*.opus=00;36:*.spx=00;36:*.xspf=00;36:*~=00;90:*#=00;90:*.bak=00;90:*.crdownload=00;90:*.dpkg-dist=00;90:*.dpkg-new=00;90:*.dpkg-old=00;90:*.dpkg-tmp=00;90:*.old=00;90:*.orig=00;90:*.part=00;90:*.rej=00;90:*.rpmnew=00;90:*.rpmorig=00;90:*.rpmsave=00;90:*.swp=00;90:*.tmp=00;90:*.ucf-dist=00;90:*.ucf-new=00;90:*.ucf-old=00;90:', 'VSCODE_GIT_IPC_HANDLE': '/run/user/1000/vscode-git-d53cea2ef5.sock', 'TERM_PROGRAM': 'vscode', 'SSH_AUTH_SOCK': '/run/user/1000/keyring/ssh', 'ROS_DOMAIN_ID': '07', 'AMENT_PREFIX_PATH': '/home/tm/dev_ws/ros_c++/install/my_first_package_msgs:/home/tm/dev_ws/ros_c++/install/my_first_package:/home/tm/dev_ws/ros/install/my_test_package:/home/tm/dev_ws/ros/install/my_first_package_msgs:/home/tm/dev_ws/ros/install/my_first_package:/home/tm/dev_ws/ros/install/camera_package:/opt/ros/jazzy', 'ORIGINAL_XDG_CURRENT_DESKTOP': 'ubuntu:GNOME', 'SHELL': '/bin/bash', 'LC_NAME': 'en_US.UTF-8', 'TERMINATOR_UUID': 'urn:uuid:01e3cd56-5aae-49e3-b941-8604889d857f', 'QT_ACCESSIBILITY': '1', 'GDMSESSION': 'ubuntu', 'LESSCLOSE': '/usr/bin/lesspipe %s %s', 'LC_MEASUREMENT': 'en_US.UTF-8', 'GPG_AGENT_INFO': '/run/user/1000/gnupg/S.gpg-agent:0:1', 'GJS_DEBUG_OUTPUT': 'stderr', 'LC_IDENTIFICATION': 'en_US.UTF-8', 'VIRTUAL_ENV': '/home/tm/venv/ros', 'ROS_AUTOMATIC_DISCOVERY_RANGE': 'SUBNET', 'VSCODE_GIT_ASKPASS_EXTRA_ARGS': '', 'QT_IM_MODULE': 'ibus', 'PWD': '/home/tm/dev_ws/ros_c++/build/my_first_package', 'LC_ALL': 'en_US.UTF-8', 'XDG_CONFIG_DIRS': '/etc/xdg/xdg-ubuntu:/etc/xdg', 'XDG_DATA_DIRS': '/usr/share/ubuntu:/usr/share/gnome:/usr/local/share/:/usr/share/:/var/lib/snapd/desktop', 'QTWEBENGINE_DICTIONARIES_PATH': '/usr/share/hunspell-bdic/', 'PYTHONPATH': '/home/tm/dev_ws/ros_c++/install/my_first_package_msgs/lib/python3.12/site-packages:/home/tm/dev_ws/ros/install/my_test_package/lib/python3.12/site-packages:/home/tm/dev_ws/ros/install/my_first_package_msgs/lib/python3.12/site-packages:/home/tm/dev_ws/ros/install/my_first_package/lib/python3.12/site-packages:/home/tm/dev_ws/ros/install/camera_package/lib/python3.12/site-packages:/opt/ros/jazzy/lib/python3.12/site-packages', 'LC_NUMERIC': 'en_US.UTF-8', 'LC_PAPER': 'en_US.UTF-8', 'COLCON': '1', 'MEMORY_PRESSURE_WRITE': 'c29tZSAyMDAwMDAgMjAwMDAwMAA=', 'VTE_VERSION': '7600', 'CMAKE_PREFIX_PATH': '/home/tm/dev_ws/ros_c++/install/my_first_package_msgs:/home/tm/dev_ws/ros_c++/install/my_first_package:/home/tm/dev_ws/ros/install/my_first_package_msgs:/opt/ros/jazzy/opt/sdformat_vendor:/opt/ros/jazzy/opt/gz_math_vendor:/opt/ros/jazzy/opt/gz_utils_vendor:/opt/ros/jazzy/opt/gz_tools_vendor:/opt/ros/jazzy/opt/gz_cmake_vendor:/home/tm/dev_ws/ros/install/my_test_package:/home/tm/dev_ws/ros/install/my_first_package:/home/tm/dev_ws/ros/install/camera_package:/opt/ros/jazzy'}), 'shell': False}
[0.014145] (my_first_package_msgs) JobProgress: {'identifier': 'my_first_package_msgs', 'progress': 'cmake'}
[0.014589] (my_first_package_msgs) JobProgress: {'identifier': 'my_first_package_msgs', 'progress': 'build'}
[0.014867] (my_first_package_msgs) Command: {'cmd': ['/usr/bin/cmake', '--build', '/home/tm/dev_ws/ros_c++/build/my_first_package_msgs', '--', '-j12', '-l12'], 'cwd': '/home/tm/dev_ws/ros_c++/build/my_first_package_msgs', 'env': OrderedDict({'GJS_DEBUG_TOPICS': 'JS ERROR;JS LOG', 'LESSOPEN': '| /usr/bin/lesspipe %s', 'USER': 'tm', 'LC_TIME': 'en_US.UTF-8', 'GZ_CONFIG_PATH': '/opt/ros/jazzy/opt/sdformat_vendor/share/gz', 'XDG_SESSION_TYPE': 'x11', 'GIT_ASKPASS': '/usr/share/code/resources/app/extensions/git/dist/askpass.sh', 'CLUTTER_DISABLE_MIPMAPPED_TEXT': '1', 'SHLVL': '2', 'LD_LIBRARY_PATH': '/home/tm/dev_ws/ros_c++/install/my_first_package_msgs/lib:/home/tm/dev_ws/ros/install/my_first_package_msgs/lib:/opt/ros/jazzy/opt/sdformat_vendor/lib:/opt/ros/jazzy/opt/rviz_ogre_vendor/lib:/opt/ros/jazzy/lib/x86_64-linux-gnu:/opt/ros/jazzy/opt/gz_math_vendor/lib:/opt/ros/jazzy/opt/gz_utils_vendor/lib:/opt/ros/jazzy/opt/gz_tools_vendor/lib:/opt/ros/jazzy/opt/gz_cmake_vendor/lib:/opt/ros/jazzy/lib', 'HOME': '/home/tm', 'CHROME_DESKTOP': 'code.desktop', 'OLDPWD': '/home/tm/dev_ws/ros_c++/src', 'TERM_PROGRAM_VERSION': '1.99.2', 'DESKTOP_SESSION': 'ubuntu', 'GIO_LAUNCHED_DESKTOP_FILE': '/usr/share/applications/terminator.desktop', 'ROS_PYTHON_VERSION': '3', 'GNOME_SHELL_SESSION_MODE': 'ubuntu', 'GTK_MODULES': 'gail:atk-bridge', 'VSCODE_GIT_ASKPASS_MAIN': '/usr/share/code/resources/app/extensions/git/dist/askpass-main.js', 'PS1': '\\[\x1b]633;A\x07\\](ros) \\[\x1b]633;A\x07\\]\\[\\e[1;34m\\](ID: ${ROS_DOMAIN_ID:-0})\\[\\e[1;32m\\]\\u\\[\\e[0m\\]:\\[\\e[1;34m\\]\\w\\[\\e[0m\\]$ \\[\x1b]633;B\x07\\]\\[\x1b]633;B\x07\\]', 'LC_MONETARY': 'en_US.UTF-8', 'VSCODE_GIT_ASKPASS_NODE': '/usr/share/code/code', 'MANAGERPID': '2507', 'SYSTEMD_EXEC_PID': '2951', 'GSM_SKIP_SSH_AGENT_WORKAROUND': 'true', 'DBUS_SESSION_BUS_ADDRESS': 'unix:path=/run/user/1000/bus', 'COLORTERM': 'truecolor', 'TERMINATOR_DBUS_NAME': 'net.tenshu.Terminator23558193cd9818af7fe4d2c2f5bd9d00f', 'GIO_LAUNCHED_DESKTOP_FILE_PID': '3685', 'DEBUGINFOD_URLS': 'https://debuginfod.ubuntu.com', 'COLCON_PREFIX_PATH': '/home/tm/dev_ws/ros_c++/install:/home/tm/dev_ws/ros/install', 'ROS_DISTRO': 'jazzy', 'LOGNAME': 'tm', 'JOURNAL_STREAM': '9:27723', '_': '/usr/bin/colcon', 'ROS_VERSION': '2', 'MEMORY_PRESSURE_WATCH': '/sys/fs/cgroup/user.slice/user-1000.slice/user@1000.service/session.slice/org.gnome.Shell@x11.service/memory.pressure', 'XDG_SESSION_CLASS': 'user', 'USERNAME': 'tm', 'TERM': 'xterm-256color', 'GNOME_DESKTOP_SESSION_ID': 'this-is-deprecated', 'ROS_LOCALHOST_ONLY': '1', 'WINDOWPATH': '2', 'PATH': '/home/tm/venv/ros/bin:/opt/ros/jazzy/opt/gz_tools_vendor/bin:/opt/ros/jazzy/bin:/home/tm/venv/ros/bin:/home/tm/.local/bin:/usr/local/sbin:/usr/local/bin:/usr/sbin:/usr/bin:/sbin:/bin:/usr/games:/usr/local/games:/snap/bin:/snap/bin', 'SESSION_MANAGER': 'local/tm-GF65-Thin-10UE:@/tmp/.ICE-unix/2910,unix/tm-GF65-Thin-10UE:/tmp/.ICE-unix/2910', 'INVOCATION_ID': '8572a02b626f4a79854a71ddb6f48bcb', 'PAPERSIZE': 'letter', 'XDG_MENU_PREFIX': 'gnome-', 'LC_ADDRESS': 'en_US.UTF-8', 'XDG_RUNTIME_DIR': '/run/user/1000', 'GDK_BACKEND': 'x11', 'DISPLAY': ':1', 'TERMINATOR_DBUS_PATH': '/net/tenshu/Terminator2', 'LANG': 'en_US.UTF-8', 'XDG_CURRENT_DESKTOP': 'Unity', 'LC_TELEPHONE': 'en_US.UTF-8', 'VIRTUAL_ENV_PROMPT': '(ros)', 'XMODIFIERS': '@im=ibus', 'XDG_SESSION_DESKTOP': 'ubuntu', 'XAUTHORITY': '/run/user/1000/gdm/Xauthority', 'LS_COLORS': 'rs=0:di=01;34:ln=01;36:mh=00:pi=40;33:so=01;35:do=01;35:bd=40;33;01:cd=40;33;01:or=40;31;01:mi=00:su=37;41:sg=30;43:ca=00:tw=30;42:ow=34;42:st=37;44:ex=01;32:*.tar=01;31:*.tgz=01;31:*.arc=01;31:*.arj=01;31:*.taz=01;31:*.lha=01;31:*.lz4=01;31:*.lzh=01;31:*.lzma=01;31:*.tlz=01;31:*.txz=01;31:*.tzo=01;31:*.t7z=01;31:*.zip=01;31:*.z=01;31:*.dz=01;31:*.gz=01;31:*.lrz=01;31:*.lz=01;31:*.lzo=01;31:*.xz=01;31:*.zst=01;31:*.tzst=01;31:*.bz2=01;31:*.bz=01;31:*.tbz=01;31:*.tbz2=01;31:*.tz=01;31:*.deb=01;31:*.rpm=01;31:*.jar=01;31:*.war=01;31:*.ear=01;31:*.sar=01;31:*.rar=01;31:*.alz=01;31:*.ace=01;31:*.zoo=01;31:*.cpio=01;31:*.7z=01;31:*.rz=01;31:*.cab=01;31:*.wim=01;31:*.swm=01;31:*.dwm=01;31:*.esd=01;31:*.avif=01;35:*.jpg=01;35:*.jpeg=01;35:*.mjpg=01;35:*.mjpeg=01;35:*.gif=01;35:*.bmp=01;35:*.pbm=01;35:*.pgm=01;35:*.ppm=01;35:*.tga=01;35:*.xbm=01;35:*.xpm=01;35:*.tif=01;35:*.tiff=01;35:*.png=01;35:*.svg=01;35:*.svgz=01;35:*.mng=01;35:*.pcx=01;35:*.mov=01;35:*.mpg=01;35:*.mpeg=01;35:*.m2v=01;35:*.mkv=01;35:*.webm=01;35:*.webp=01;35:*.ogm=01;35:*.mp4=01;35:*.m4v=01;35:*.mp4v=01;35:*.vob=01;35:*.qt=01;35:*.nuv=01;35:*.wmv=01;35:*.asf=01;35:*.rm=01;35:*.rmvb=01;35:*.flc=01;35:*.avi=01;35:*.fli=01;35:*.flv=01;35:*.gl=01;35:*.dl=01;35:*.xcf=01;35:*.xwd=01;35:*.yuv=01;35:*.cgm=01;35:*.emf=01;35:*.ogv=01;35:*.ogx=01;35:*.aac=00;36:*.au=00;36:*.flac=00;36:*.m4a=00;36:*.mid=00;36:*.midi=00;36:*.mka=00;36:*.mp3=00;36:*.mpc=00;36:*.ogg=00;36:*.ra=00;36:*.wav=00;36:*.oga=00;36:*.opus=00;36:*.spx=00;36:*.xspf=00;36:*~=00;90:*#=00;90:*.bak=00;90:*.crdownload=00;90:*.dpkg-dist=00;90:*.dpkg-new=00;90:*.dpkg-old=00;90:*.dpkg-tmp=00;90:*.old=00;90:*.orig=00;90:*.part=00;90:*.rej=00;90:*.rpmnew=00;90:*.rpmorig=00;90:*.rpmsave=00;90:*.swp=00;90:*.tmp=00;90:*.ucf-dist=00;90:*.ucf-new=00;90:*.ucf-old=00;90:', 'VSCODE_GIT_IPC_HANDLE': '/run/user/1000/vscode-git-d53cea2ef5.sock', 'TERM_PROGRAM': 'vscode', 'SSH_AUTH_SOCK': '/run/user/1000/keyring/ssh', 'ROS_DOMAIN_ID': '07', 'AMENT_PREFIX_PATH': '/home/tm/dev_ws/ros_c++/install/my_first_package_msgs:/home/tm/dev_ws/ros_c++/install/my_first_package:/home/tm/dev_ws/ros/install/my_test_package:/home/tm/dev_ws/ros/install/my_first_package_msgs:/home/tm/dev_ws/ros/install/my_first_package:/home/tm/dev_ws/ros/install/camera_package:/opt/ros/jazzy', 'ORIGINAL_XDG_CURRENT_DESKTOP': 'ubuntu:GNOME', 'SHELL': '/bin/bash', 'LC_NAME': 'en_US.UTF-8', 'TERMINATOR_UUID': 'urn:uuid:01e3cd56-5aae-49e3-b941-8604889d857f', 'QT_ACCESSIBILITY': '1', 'GDMSESSION': 'ubuntu', 'LESSCLOSE': '/usr/bin/lesspipe %s %s', 'LC_MEASUREMENT': 'en_US.UTF-8', 'GPG_AGENT_INFO': '/run/user/1000/gnupg/S.gpg-agent:0:1', 'GJS_DEBUG_OUTPUT': 'stderr', 'LC_IDENTIFICATION': 'en_US.UTF-8', 'VIRTUAL_ENV': '/home/tm/venv/ros', 'ROS_AUTOMATIC_DISCOVERY_RANGE': 'SUBNET', 'VSCODE_GIT_ASKPASS_EXTRA_ARGS': '', 'QT_IM_MODULE': 'ibus', 'PWD': '/home/tm/dev_ws/ros_c++/build/my_first_package_msgs', 'LC_ALL': 'en_US.UTF-8', 'XDG_CONFIG_DIRS': '/etc/xdg/xdg-ubuntu:/etc/xdg', 'XDG_DATA_DIRS': '/usr/share/ubuntu:/usr/share/gnome:/usr/local/share/:/usr/share/:/var/lib/snapd/desktop', 'QTWEBENGINE_DICTIONARIES_PATH': '/usr/share/hunspell-bdic/', 'PYTHONPATH': '/home/tm/dev_ws/ros_c++/install/my_first_package_msgs/lib/python3.12/site-packages:/home/tm/dev_ws/ros/install/my_test_package/lib/python3.12/site-packages:/home/tm/dev_ws/ros/install/my_first_package_msgs/lib/python3.12/site-packages:/home/tm/dev_ws/ros/install/my_first_package/lib/python3.12/site-packages:/home/tm/dev_ws/ros/install/camera_package/lib/python3.12/site-packages:/opt/ros/jazzy/lib/python3.12/site-packages', 'LC_NUMERIC': 'en_US.UTF-8', 'LC_PAPER': 'en_US.UTF-8', 'COLCON': '1', 'MEMORY_PRESSURE_WRITE': 'c29tZSAyMDAwMDAgMjAwMDAwMAA=', 'VTE_VERSION': '7600', 'CMAKE_PREFIX_PATH': '/home/tm/dev_ws/ros_c++/install/my_first_package_msgs:/home/tm/dev_ws/ros_c++/install/my_first_package:/home/tm/dev_ws/ros/install/my_first_package_msgs:/opt/ros/jazzy/opt/sdformat_vendor:/opt/ros/jazzy/opt/gz_math_vendor:/opt/ros/jazzy/opt/gz_utils_vendor:/opt/ros/jazzy/opt/gz_tools_vendor:/opt/ros/jazzy/opt/gz_cmake_vendor:/home/tm/dev_ws/ros/install/my_test_package:/home/tm/dev_ws/ros/install/my_first_package:/home/tm/dev_ws/ros/install/camera_package:/opt/ros/jazzy'}), 'shell': False}
[0.043903] (my_first_package_msgs) StdoutLine: {'line': b'-- Found ament_cmake: 2.5.3 (/opt/ros/jazzy/share/ament_cmake/cmake)\n'}
[0.070350] (my_first_package) StdoutLine: {'line': b'[ 12%] Built target publisher\n'}
[0.070874] (my_first_package) StdoutLine: {'line': b'[ 25%] Built target listener\n'}
[0.072279] (my_first_package) StdoutLine: {'line': b'[ 37%] Built target talker\n'}
[0.072496] (my_first_package) StdoutLine: {'line': b'[ 50%] Built target client\n'}
[0.073712] (my_first_package) StdoutLine: {'line': b'[ 75%] Built target subscriber\n'}
[0.073903] (my_first_package) StdoutLine: {'line': b'[ 75%] Built target sub_pose\n'}
[0.074078] (my_first_package) StdoutLine: {'line': b'[ 87%] Built target server\n'}
[0.076628] (my_first_package) StdoutLine: {'line': b'[100%] Built target my_service_server\n'}
[0.086324] (my_first_package) CommandEnded: {'returncode': 0}
[0.086833] (my_first_package) JobProgress: {'identifier': 'my_first_package', 'progress': 'install'}
[0.093683] (my_first_package) Command: {'cmd': ['/usr/bin/cmake', '--install', '/home/tm/dev_ws/ros_c++/build/my_first_package'], 'cwd': '/home/tm/dev_ws/ros_c++/build/my_first_package', 'env': OrderedDict({'GJS_DEBUG_TOPICS': 'JS ERROR;JS LOG', 'LESSOPEN': '| /usr/bin/lesspipe %s', 'USER': 'tm', 'LC_TIME': 'en_US.UTF-8', 'GZ_CONFIG_PATH': '/opt/ros/jazzy/opt/sdformat_vendor/share/gz', 'XDG_SESSION_TYPE': 'x11', 'GIT_ASKPASS': '/usr/share/code/resources/app/extensions/git/dist/askpass.sh', 'CLUTTER_DISABLE_MIPMAPPED_TEXT': '1', 'SHLVL': '2', 'LD_LIBRARY_PATH': '/home/tm/dev_ws/ros_c++/install/my_first_package_msgs/lib:/home/tm/dev_ws/ros/install/my_first_package_msgs/lib:/opt/ros/jazzy/opt/sdformat_vendor/lib:/opt/ros/jazzy/opt/rviz_ogre_vendor/lib:/opt/ros/jazzy/lib/x86_64-linux-gnu:/opt/ros/jazzy/opt/gz_math_vendor/lib:/opt/ros/jazzy/opt/gz_utils_vendor/lib:/opt/ros/jazzy/opt/gz_tools_vendor/lib:/opt/ros/jazzy/opt/gz_cmake_vendor/lib:/opt/ros/jazzy/lib', 'HOME': '/home/tm', 'CHROME_DESKTOP': 'code.desktop', 'OLDPWD': '/home/tm/dev_ws/ros_c++/src', 'TERM_PROGRAM_VERSION': '1.99.2', 'DESKTOP_SESSION': 'ubuntu', 'GIO_LAUNCHED_DESKTOP_FILE': '/usr/share/applications/terminator.desktop', 'ROS_PYTHON_VERSION': '3', 'GNOME_SHELL_SESSION_MODE': 'ubuntu', 'GTK_MODULES': 'gail:atk-bridge', 'VSCODE_GIT_ASKPASS_MAIN': '/usr/share/code/resources/app/extensions/git/dist/askpass-main.js', 'PS1': '\\[\x1b]633;A\x07\\](ros) \\[\x1b]633;A\x07\\]\\[\\e[1;34m\\](ID: ${ROS_DOMAIN_ID:-0})\\[\\e[1;32m\\]\\u\\[\\e[0m\\]:\\[\\e[1;34m\\]\\w\\[\\e[0m\\]$ \\[\x1b]633;B\x07\\]\\[\x1b]633;B\x07\\]', 'LC_MONETARY': 'en_US.UTF-8', 'VSCODE_GIT_ASKPASS_NODE': '/usr/share/code/code', 'MANAGERPID': '2507', 'SYSTEMD_EXEC_PID': '2951', 'GSM_SKIP_SSH_AGENT_WORKAROUND': 'true', 'DBUS_SESSION_BUS_ADDRESS': 'unix:path=/run/user/1000/bus', 'COLORTERM': 'truecolor', 'TERMINATOR_DBUS_NAME': 'net.tenshu.Terminator23558193cd9818af7fe4d2c2f5bd9d00f', 'GIO_LAUNCHED_DESKTOP_FILE_PID': '3685', 'DEBUGINFOD_URLS': 'https://debuginfod.ubuntu.com', 'COLCON_PREFIX_PATH': '/home/tm/dev_ws/ros_c++/install:/home/tm/dev_ws/ros/install', 'ROS_DISTRO': 'jazzy', 'LOGNAME': 'tm', 'JOURNAL_STREAM': '9:27723', '_': '/usr/bin/colcon', 'ROS_VERSION': '2', 'MEMORY_PRESSURE_WATCH': '/sys/fs/cgroup/user.slice/user-1000.slice/user@1000.service/session.slice/org.gnome.Shell@x11.service/memory.pressure', 'XDG_SESSION_CLASS': 'user', 'USERNAME': 'tm', 'TERM': 'xterm-256color', 'GNOME_DESKTOP_SESSION_ID': 'this-is-deprecated', 'ROS_LOCALHOST_ONLY': '1', 'WINDOWPATH': '2', 'PATH': '/home/tm/venv/ros/bin:/opt/ros/jazzy/opt/gz_tools_vendor/bin:/opt/ros/jazzy/bin:/home/tm/venv/ros/bin:/home/tm/.local/bin:/usr/local/sbin:/usr/local/bin:/usr/sbin:/usr/bin:/sbin:/bin:/usr/games:/usr/local/games:/snap/bin:/snap/bin', 'SESSION_MANAGER': 'local/tm-GF65-Thin-10UE:@/tmp/.ICE-unix/2910,unix/tm-GF65-Thin-10UE:/tmp/.ICE-unix/2910', 'INVOCATION_ID': '8572a02b626f4a79854a71ddb6f48bcb', 'PAPERSIZE': 'letter', 'XDG_MENU_PREFIX': 'gnome-', 'LC_ADDRESS': 'en_US.UTF-8', 'XDG_RUNTIME_DIR': '/run/user/1000', 'GDK_BACKEND': 'x11', 'DISPLAY': ':1', 'TERMINATOR_DBUS_PATH': '/net/tenshu/Terminator2', 'LANG': 'en_US.UTF-8', 'XDG_CURRENT_DESKTOP': 'Unity', 'LC_TELEPHONE': 'en_US.UTF-8', 'VIRTUAL_ENV_PROMPT': '(ros)', 'XMODIFIERS': '@im=ibus', 'XDG_SESSION_DESKTOP': 'ubuntu', 'XAUTHORITY': '/run/user/1000/gdm/Xauthority', 'LS_COLORS': 'rs=0:di=01;34:ln=01;36:mh=00:pi=40;33:so=01;35:do=01;35:bd=40;33;01:cd=40;33;01:or=40;31;01:mi=00:su=37;41:sg=30;43:ca=00:tw=30;42:ow=34;42:st=37;44:ex=01;32:*.tar=01;31:*.tgz=01;31:*.arc=01;31:*.arj=01;31:*.taz=01;31:*.lha=01;31:*.lz4=01;31:*.lzh=01;31:*.lzma=01;31:*.tlz=01;31:*.txz=01;31:*.tzo=01;31:*.t7z=01;31:*.zip=01;31:*.z=01;31:*.dz=01;31:*.gz=01;31:*.lrz=01;31:*.lz=01;31:*.lzo=01;31:*.xz=01;31:*.zst=01;31:*.tzst=01;31:*.bz2=01;31:*.bz=01;31:*.tbz=01;31:*.tbz2=01;31:*.tz=01;31:*.deb=01;31:*.rpm=01;31:*.jar=01;31:*.war=01;31:*.ear=01;31:*.sar=01;31:*.rar=01;31:*.alz=01;31:*.ace=01;31:*.zoo=01;31:*.cpio=01;31:*.7z=01;31:*.rz=01;31:*.cab=01;31:*.wim=01;31:*.swm=01;31:*.dwm=01;31:*.esd=01;31:*.avif=01;35:*.jpg=01;35:*.jpeg=01;35:*.mjpg=01;35:*.mjpeg=01;35:*.gif=01;35:*.bmp=01;35:*.pbm=01;35:*.pgm=01;35:*.ppm=01;35:*.tga=01;35:*.xbm=01;35:*.xpm=01;35:*.tif=01;35:*.tiff=01;35:*.png=01;35:*.svg=01;35:*.svgz=01;35:*.mng=01;35:*.pcx=01;35:*.mov=01;35:*.mpg=01;35:*.mpeg=01;35:*.m2v=01;35:*.mkv=01;35:*.webm=01;35:*.webp=01;35:*.ogm=01;35:*.mp4=01;35:*.m4v=01;35:*.mp4v=01;35:*.vob=01;35:*.qt=01;35:*.nuv=01;35:*.wmv=01;35:*.asf=01;35:*.rm=01;35:*.rmvb=01;35:*.flc=01;35:*.avi=01;35:*.fli=01;35:*.flv=01;35:*.gl=01;35:*.dl=01;35:*.xcf=01;35:*.xwd=01;35:*.yuv=01;35:*.cgm=01;35:*.emf=01;35:*.ogv=01;35:*.ogx=01;35:*.aac=00;36:*.au=00;36:*.flac=00;36:*.m4a=00;36:*.mid=00;36:*.midi=00;36:*.mka=00;36:*.mp3=00;36:*.mpc=00;36:*.ogg=00;36:*.ra=00;36:*.wav=00;36:*.oga=00;36:*.opus=00;36:*.spx=00;36:*.xspf=00;36:*~=00;90:*#=00;90:*.bak=00;90:*.crdownload=00;90:*.dpkg-dist=00;90:*.dpkg-new=00;90:*.dpkg-old=00;90:*.dpkg-tmp=00;90:*.old=00;90:*.orig=00;90:*.part=00;90:*.rej=00;90:*.rpmnew=00;90:*.rpmorig=00;90:*.rpmsave=00;90:*.swp=00;90:*.tmp=00;90:*.ucf-dist=00;90:*.ucf-new=00;90:*.ucf-old=00;90:', 'VSCODE_GIT_IPC_HANDLE': '/run/user/1000/vscode-git-d53cea2ef5.sock', 'TERM_PROGRAM': 'vscode', 'SSH_AUTH_SOCK': '/run/user/1000/keyring/ssh', 'ROS_DOMAIN_ID': '07', 'AMENT_PREFIX_PATH': '/home/tm/dev_ws/ros_c++/install/my_first_package_msgs:/home/tm/dev_ws/ros_c++/install/my_first_package:/home/tm/dev_ws/ros/install/my_test_package:/home/tm/dev_ws/ros/install/my_first_package_msgs:/home/tm/dev_ws/ros/install/my_first_package:/home/tm/dev_ws/ros/install/camera_package:/opt/ros/jazzy', 'ORIGINAL_XDG_CURRENT_DESKTOP': 'ubuntu:GNOME', 'SHELL': '/bin/bash', 'LC_NAME': 'en_US.UTF-8', 'TERMINATOR_UUID': 'urn:uuid:01e3cd56-5aae-49e3-b941-8604889d857f', 'QT_ACCESSIBILITY': '1', 'GDMSESSION': 'ubuntu', 'LESSCLOSE': '/usr/bin/lesspipe %s %s', 'LC_MEASUREMENT': 'en_US.UTF-8', 'GPG_AGENT_INFO': '/run/user/1000/gnupg/S.gpg-agent:0:1', 'GJS_DEBUG_OUTPUT': 'stderr', 'LC_IDENTIFICATION': 'en_US.UTF-8', 'VIRTUAL_ENV': '/home/tm/venv/ros', 'ROS_AUTOMATIC_DISCOVERY_RANGE': 'SUBNET', 'VSCODE_GIT_ASKPASS_EXTRA_ARGS': '', 'QT_IM_MODULE': 'ibus', 'PWD': '/home/tm/dev_ws/ros_c++/build/my_first_package', 'LC_ALL': 'en_US.UTF-8', 'XDG_CONFIG_DIRS': '/etc/xdg/xdg-ubuntu:/etc/xdg', 'XDG_DATA_DIRS': '/usr/share/ubuntu:/usr/share/gnome:/usr/local/share/:/usr/share/:/var/lib/snapd/desktop', 'QTWEBENGINE_DICTIONARIES_PATH': '/usr/share/hunspell-bdic/', 'PYTHONPATH': '/home/tm/dev_ws/ros_c++/install/my_first_package_msgs/lib/python3.12/site-packages:/home/tm/dev_ws/ros/install/my_test_package/lib/python3.12/site-packages:/home/tm/dev_ws/ros/install/my_first_package_msgs/lib/python3.12/site-packages:/home/tm/dev_ws/ros/install/my_first_package/lib/python3.12/site-packages:/home/tm/dev_ws/ros/install/camera_package/lib/python3.12/site-packages:/opt/ros/jazzy/lib/python3.12/site-packages', 'LC_NUMERIC': 'en_US.UTF-8', 'LC_PAPER': 'en_US.UTF-8', 'COLCON': '1', 'MEMORY_PRESSURE_WRITE': 'c29tZSAyMDAwMDAgMjAwMDAwMAA=', 'VTE_VERSION': '7600', 'CMAKE_PREFIX_PATH': '/home/tm/dev_ws/ros_c++/install/my_first_package_msgs:/home/tm/dev_ws/ros_c++/install/my_first_package:/home/tm/dev_ws/ros/install/my_first_package_msgs:/opt/ros/jazzy/opt/sdformat_vendor:/opt/ros/jazzy/opt/gz_math_vendor:/opt/ros/jazzy/opt/gz_utils_vendor:/opt/ros/jazzy/opt/gz_tools_vendor:/opt/ros/jazzy/opt/gz_cmake_vendor:/home/tm/dev_ws/ros/install/my_test_package:/home/tm/dev_ws/ros/install/my_first_package:/home/tm/dev_ws/ros/install/camera_package:/opt/ros/jazzy'}), 'shell': False}
[0.099904] (-) TimerEvent: {}
[0.100063] (my_first_package) StdoutLine: {'line': b'-- Install configuration: ""\n'}
[0.100209] (my_first_package) StdoutLine: {'line': b'-- Up-to-date: /home/tm/dev_ws/ros_c++/install/my_first_package/lib/my_first_package/talker\n'}
[0.100424] (my_first_package) StdoutLine: {'line': b'-- Up-to-date: /home/tm/dev_ws/ros_c++/install/my_first_package/lib/my_first_package/listener\n'}
[0.100645] (my_first_package) StdoutLine: {'line': b'-- Up-to-date: /home/tm/dev_ws/ros_c++/install/my_first_package/lib/my_first_package/server\n'}
[0.100837] (my_first_package) StdoutLine: {'line': b'-- Up-to-date: /home/tm/dev_ws/ros_c++/install/my_first_package/lib/my_first_package/client\n'}
[0.100971] (my_first_package) StdoutLine: {'line': b'-- Up-to-date: /home/tm/dev_ws/ros_c++/install/my_first_package/lib/my_first_package/subscriber\n'}
[0.101144] (my_first_package) StdoutLine: {'line': b'-- Up-to-date: /home/tm/dev_ws/ros_c++/install/my_first_package/lib/my_first_package/publisher\n'}
[0.101373] (my_first_package) StdoutLine: {'line': b'-- Up-to-date: /home/tm/dev_ws/ros_c++/install/my_first_package/lib/my_first_package/sub_pose\n'}
[0.101520] (my_first_package) StdoutLine: {'line': b'-- Up-to-date: /home/tm/dev_ws/ros_c++/install/my_first_package/lib/my_first_package/my_service_server\n'}
[0.101638] (my_first_package) StdoutLine: {'line': b'-- Up-to-date: /home/tm/dev_ws/ros_c++/install/my_first_package/share/ament_index/resource_index/package_run_dependencies/my_first_package\n'}
[0.101729] (my_first_package) StdoutLine: {'line': b'-- Up-to-date: /home/tm/dev_ws/ros_c++/install/my_first_package/share/ament_index/resource_index/parent_prefix_path/my_first_package\n'}
[0.101795] (my_first_package) StdoutLine: {'line': b'-- Up-to-date: /home/tm/dev_ws/ros_c++/install/my_first_package/share/my_first_package/environment/ament_prefix_path.sh\n'}
[0.101857] (my_first_package) StdoutLine: {'line': b'-- Up-to-date: /home/tm/dev_ws/ros_c++/install/my_first_package/share/my_first_package/environment/ament_prefix_path.dsv\n'}
[0.101948] (my_first_package) StdoutLine: {'line': b'-- Up-to-date: /home/tm/dev_ws/ros_c++/install/my_first_package/share/my_first_package/environment/path.sh\n'}
[0.102010] (my_first_package) StdoutLine: {'line': b'-- Up-to-date: /home/tm/dev_ws/ros_c++/install/my_first_package/share/my_first_package/environment/path.dsv\n'}
[0.102069] (my_first_package) StdoutLine: {'line': b'-- Up-to-date: /home/tm/dev_ws/ros_c++/install/my_first_package/share/my_first_package/local_setup.bash\n'}
[0.102130] (my_first_package) StdoutLine: {'line': b'-- Up-to-date: /home/tm/dev_ws/ros_c++/install/my_first_package/share/my_first_package/local_setup.sh\n'}
[0.102192] (my_first_package) StdoutLine: {'line': b'-- Up-to-date: /home/tm/dev_ws/ros_c++/install/my_first_package/share/my_first_package/local_setup.zsh\n'}
[0.102294] (my_first_package) StdoutLine: {'line': b'-- Up-to-date: /home/tm/dev_ws/ros_c++/install/my_first_package/share/my_first_package/local_setup.dsv\n'}
[0.102351] (my_first_package) StdoutLine: {'line': b'-- Installing: /home/tm/dev_ws/ros_c++/install/my_first_package/share/my_first_package/package.dsv\n'}
[0.102407] (my_first_package) StdoutLine: {'line': b'-- Up-to-date: /home/tm/dev_ws/ros_c++/install/my_first_package/share/ament_index/resource_index/packages/my_first_package\n'}
[0.102463] (my_first_package) StdoutLine: {'line': b'-- Up-to-date: /home/tm/dev_ws/ros_c++/install/my_first_package/share/my_first_package/cmake/my_first_packageConfig.cmake\n'}
[0.102519] (my_first_package) StdoutLine: {'line': b'-- Up-to-date: /home/tm/dev_ws/ros_c++/install/my_first_package/share/my_first_package/cmake/my_first_packageConfig-version.cmake\n'}
[0.102593] (my_first_package) StdoutLine: {'line': b'-- Up-to-date: /home/tm/dev_ws/ros_c++/install/my_first_package/share/my_first_package/package.xml\n'}
[0.103374] (my_first_package) CommandEnded: {'returncode': 0}
[0.118506] (my_first_package) JobEnded: {'identifier': 'my_first_package', 'rc': 0}
[0.154806] (my_first_package_msgs) StdoutLine: {'line': b'-- Found rosidl_default_generators: 1.6.0 (/opt/ros/jazzy/share/rosidl_default_generators/cmake)\n'}
[0.157374] (my_first_package_msgs) StdoutLine: {'line': b'-- Using all available rosidl_typesupport_c: rosidl_typesupport_fastrtps_c;rosidl_typesupport_introspection_c\n'}
[0.188539] (my_first_package_msgs) StdoutLine: {'line': b'-- Using all available rosidl_typesupport_cpp: rosidl_typesupport_fastrtps_cpp;rosidl_typesupport_introspection_cpp\n'}
[0.199991] (-) TimerEvent: {}
[0.217624] (my_first_package_msgs) StdoutLine: {'line': b'-- Found rosidl_adapter: 4.6.5 (/opt/ros/jazzy/share/rosidl_adapter/cmake)\n'}
[0.300106] (-) TimerEvent: {}
[0.400261] (-) TimerEvent: {}
[0.490180] (my_first_package_msgs) StdoutLine: {'line': b'-- Found ament_cmake_ros: 0.12.0 (/opt/ros/jazzy/share/ament_cmake_ros/cmake)\n'}
[0.500345] (-) TimerEvent: {}
[0.564590] (my_first_package_msgs) StdoutLine: {'line': b'-- Using all available rosidl_typesupport_c: rosidl_typesupport_fastrtps_c;rosidl_typesupport_introspection_c\n'}
[0.600423] (-) TimerEvent: {}
[0.653987] (my_first_package_msgs) StdoutLine: {'line': b'-- Using all available rosidl_typesupport_cpp: rosidl_typesupport_fastrtps_cpp;rosidl_typesupport_introspection_cpp\n'}
[0.656292] (my_first_package_msgs) StdoutLine: {'line': b'-- Found python_cmake_module: 0.11.1 (/opt/ros/jazzy/share/python_cmake_module/cmake)\n'}
[0.700502] (-) TimerEvent: {}
[0.800694] (-) TimerEvent: {}
[0.900984] (-) TimerEvent: {}
[1.001211] (-) TimerEvent: {}
[1.017142] (my_first_package_msgs) StdoutLine: {'line': b'-- Found Python3: /home/tm/venv/ros/bin/python3 (found version "3.12.3") found components: Interpreter Development NumPy Development.Module Development.Embed \n'}
[1.047223] (my_first_package_msgs) StdoutLine: {'line': b'-- Configuring done (1.0s)\n'}
[1.091122] (my_first_package_msgs) StdoutLine: {'line': b'-- Generating done (0.0s)\n'}
[1.101454] (-) TimerEvent: {}
[1.104748] (my_first_package_msgs) StdoutLine: {'line': b'-- Build files have been written to: /home/tm/dev_ws/ros_c++/build/my_first_package_msgs\n'}
[1.146615] (my_first_package_msgs) StdoutLine: {'line': b'[  1%] \x1b[34m\x1b[1mGenerating type hashes for ROS interfaces\x1b[0m\n'}
[1.153869] (my_first_package_msgs) StdoutLine: {'line': b'[  1%] Built target ament_cmake_python_copy_my_first_package_msgs\n'}
[1.201499] (-) TimerEvent: {}
[1.301764] (-) TimerEvent: {}
[1.369619] (my_first_package_msgs) StdoutLine: {'line': b'running egg_info\n'}
[1.386838] (my_first_package_msgs) StdoutLine: {'line': b'[  1%] Built target my_first_package_msgs__rosidl_generator_type_description\n'}
[1.388100] (my_first_package_msgs) StdoutLine: {'line': b'writing my_first_package_msgs.egg-info/PKG-INFO\n'}
[1.388419] (my_first_package_msgs) StdoutLine: {'line': b'writing dependency_links to my_first_package_msgs.egg-info/dependency_links.txt\n'}
[1.388608] (my_first_package_msgs) StdoutLine: {'line': b'writing top-level names to my_first_package_msgs.egg-info/top_level.txt\n'}
[1.394383] (my_first_package_msgs) StdoutLine: {'line': b'[  3%] \x1b[34m\x1b[1mGenerating C code for ROS interfaces\x1b[0m\n'}
[1.401853] (-) TimerEvent: {}
[1.402306] (my_first_package_msgs) StdoutLine: {'line': b'[  5%] \x1b[34m\x1b[1mGenerating C++ code for ROS interfaces\x1b[0m\n'}
[1.446663] (my_first_package_msgs) StdoutLine: {'line': b"reading manifest file 'my_first_package_msgs.egg-info/SOURCES.txt'\n"}
[1.447429] (my_first_package_msgs) StdoutLine: {'line': b"writing manifest file 'my_first_package_msgs.egg-info/SOURCES.txt'\n"}
[1.474810] (my_first_package_msgs) StdoutLine: {'line': b'[  5%] Built target ament_cmake_python_build_my_first_package_msgs_egg\n'}
[1.501968] (-) TimerEvent: {}
[1.602181] (-) TimerEvent: {}
[1.702365] (-) TimerEvent: {}
[1.802574] (-) TimerEvent: {}
[1.903682] (-) TimerEvent: {}
[1.927837] (my_first_package_msgs) StdoutLine: {'line': b'[  5%] Built target my_first_package_msgs__cpp\n'}
[1.988335] (my_first_package_msgs) StdoutLine: {'line': b'[  7%] \x1b[32mBuilding C object CMakeFiles/my_first_package_msgs__rosidl_generator_c.dir/rosidl_generator_c/my_first_package_msgs/msg/detail/cmd_and_pose_vel__functions.c.o\x1b[0m\n'}
[1.990641] (my_first_package_msgs) StdoutLine: {'line': b'[ 11%] \x1b[32mBuilding C object CMakeFiles/my_first_package_msgs__rosidl_generator_c.dir/rosidl_generator_c/my_first_package_msgs/msg/detail/cmd_and_pose_vel__description.c.o\x1b[0m\n'}
[1.990930] (my_first_package_msgs) StdoutLine: {'line': b'[ 11%] \x1b[32mBuilding C object CMakeFiles/my_first_package_msgs__rosidl_generator_c.dir/rosidl_generator_c/my_first_package_msgs/srv/detail/multi_spawn__description.c.o\x1b[0m\n'}
[1.991073] (my_first_package_msgs) StdoutLine: {'line': b'[ 12%] \x1b[32mBuilding C object CMakeFiles/my_first_package_msgs__rosidl_generator_c.dir/rosidl_generator_c/my_first_package_msgs/msg/detail/cmd_and_pose_vel__type_support.c.o\x1b[0m\n'}
[1.991193] (my_first_package_msgs) StdoutLine: {'line': b'[ 14%] \x1b[32mBuilding C object CMakeFiles/my_first_package_msgs__rosidl_generator_c.dir/rosidl_generator_c/my_first_package_msgs/srv/detail/multi_spawn__functions.c.o\x1b[0m\n'}
[1.991327] (my_first_package_msgs) StdoutLine: {'line': b'[ 18%] \x1b[32mBuilding C object CMakeFiles/my_first_package_msgs__rosidl_generator_c.dir/rosidl_generator_c/my_first_package_msgs/action/detail/dist_turtle__description.c.o\x1b[0m\n'}
[1.991440] (my_first_package_msgs) StdoutLine: {'line': b'[ 18%] \x1b[32mBuilding C object CMakeFiles/my_first_package_msgs__rosidl_generator_c.dir/rosidl_generator_c/my_first_package_msgs/srv/detail/multi_spawn__type_support.c.o\x1b[0m\n'}
[1.991695] (my_first_package_msgs) StdoutLine: {'line': b'[ 20%] \x1b[32mBuilding C object CMakeFiles/my_first_package_msgs__rosidl_generator_c.dir/rosidl_generator_c/my_first_package_msgs/action/detail/dist_turtle__type_support.c.o\x1b[0m\n'}
[1.991823] (my_first_package_msgs) StdoutLine: {'line': b'[ 22%] \x1b[32mBuilding C object CMakeFiles/my_first_package_msgs__rosidl_generator_c.dir/rosidl_generator_c/my_first_package_msgs/action/detail/dist_turtle__functions.c.o\x1b[0m\n'}
[2.003783] (-) TimerEvent: {}
[2.104058] (-) TimerEvent: {}
[2.146412] (my_first_package_msgs) StdoutLine: {'line': b'[ 24%] \x1b[32m\x1b[1mLinking C shared library libmy_first_package_msgs__rosidl_generator_c.so\x1b[0m\n'}
[2.175953] (my_first_package_msgs) StdoutLine: {'line': b'[ 24%] Built target my_first_package_msgs__rosidl_generator_c\n'}
[2.184219] (my_first_package_msgs) StdoutLine: {'line': b'[ 25%] \x1b[34m\x1b[1mGenerating C type support dispatch for ROS interfaces\x1b[0m\n'}
[2.184467] (my_first_package_msgs) StdoutLine: {'line': b'[ 27%] \x1b[34m\x1b[1mGenerating C++ introspection for ROS interfaces\x1b[0m\n'}
[2.185389] (my_first_package_msgs) StdoutLine: {'line': b'[ 29%] \x1b[34m\x1b[1mGenerating C type support for eProsima Fast-RTPS\x1b[0m\n'}
[2.185585] (my_first_package_msgs) StdoutLine: {'line': b'[ 31%] \x1b[34m\x1b[1mGenerating C++ type support dispatch for ROS interfaces\x1b[0m\n'}
[2.186279] (my_first_package_msgs) StdoutLine: {'line': b'[ 33%] \x1b[34m\x1b[1mGenerating C introspection for ROS interfaces\x1b[0m\n'}
[2.187164] (my_first_package_msgs) StdoutLine: {'line': b'[ 35%] \x1b[34m\x1b[1mGenerating C++ type support for eProsima Fast-RTPS\x1b[0m\n'}
[2.204180] (-) TimerEvent: {}
[2.304397] (-) TimerEvent: {}
[2.404647] (-) TimerEvent: {}
[2.504891] (-) TimerEvent: {}
[2.554108] (my_first_package_msgs) StdoutLine: {'line': b'[ 37%] \x1b[32mBuilding CXX object CMakeFiles/my_first_package_msgs__rosidl_typesupport_c.dir/rosidl_typesupport_c/my_first_package_msgs/msg/cmd_and_pose_vel__type_support.cpp.o\x1b[0m\n'}
[2.556290] (my_first_package_msgs) StdoutLine: {'line': b'[ 40%] \x1b[32mBuilding CXX object CMakeFiles/my_first_package_msgs__rosidl_typesupport_c.dir/rosidl_typesupport_c/my_first_package_msgs/srv/multi_spawn__type_support.cpp.o\x1b[0m\n'}
[2.556541] (my_first_package_msgs) StdoutLine: {'line': b'[ 40%] \x1b[32mBuilding CXX object CMakeFiles/my_first_package_msgs__rosidl_typesupport_c.dir/rosidl_typesupport_c/my_first_package_msgs/action/dist_turtle__type_support.cpp.o\x1b[0m\n'}
[2.598730] (my_first_package_msgs) StdoutLine: {'line': b'[ 46%] \x1b[32mBuilding CXX object CMakeFiles/my_first_package_msgs__rosidl_typesupport_cpp.dir/rosidl_typesupport_cpp/my_first_package_msgs/msg/cmd_and_pose_vel__type_support.cpp.o\x1b[0m\n'}
[2.598975] (my_first_package_msgs) StdoutLine: {'line': b'[ 46%] \x1b[32mBuilding CXX object CMakeFiles/my_first_package_msgs__rosidl_typesupport_cpp.dir/rosidl_typesupport_cpp/my_first_package_msgs/action/dist_turtle__type_support.cpp.o\x1b[0m\n'}
[2.599114] (my_first_package_msgs) StdoutLine: {'line': b'[ 46%] \x1b[32mBuilding CXX object CMakeFiles/my_first_package_msgs__rosidl_typesupport_cpp.dir/rosidl_typesupport_cpp/my_first_package_msgs/srv/multi_spawn__type_support.cpp.o\x1b[0m\n'}
[2.604991] (-) TimerEvent: {}
[2.635288] (my_first_package_msgs) StdoutLine: {'line': b'[ 48%] \x1b[32m\x1b[1mLinking CXX shared library libmy_first_package_msgs__rosidl_typesupport_c.so\x1b[0m\n'}
[2.657256] (my_first_package_msgs) StdoutLine: {'line': b'[ 50%] \x1b[32mBuilding CXX object CMakeFiles/my_first_package_msgs__rosidl_typesupport_introspection_cpp.dir/rosidl_typesupport_introspection_cpp/my_first_package_msgs/action/detail/dist_turtle__type_support.cpp.o\x1b[0m\n'}
[2.658483] (my_first_package_msgs) StdoutLine: {'line': b'[ 53%] \x1b[32mBuilding CXX object CMakeFiles/my_first_package_msgs__rosidl_typesupport_introspection_cpp.dir/rosidl_typesupport_introspection_cpp/my_first_package_msgs/srv/detail/multi_spawn__type_support.cpp.o\x1b[0m\n'}
[2.658679] (my_first_package_msgs) StdoutLine: {'line': b'[ 53%] \x1b[32mBuilding CXX object CMakeFiles/my_first_package_msgs__rosidl_typesupport_introspection_cpp.dir/rosidl_typesupport_introspection_cpp/my_first_package_msgs/msg/detail/cmd_and_pose_vel__type_support.cpp.o\x1b[0m\n'}
[2.689230] (my_first_package_msgs) StdoutLine: {'line': b'[ 53%] Built target my_first_package_msgs__rosidl_typesupport_c\n'}
[2.705099] (-) TimerEvent: {}
[2.805379] (-) TimerEvent: {}
[2.905661] (-) TimerEvent: {}
[3.005940] (-) TimerEvent: {}
[3.039604] (my_first_package_msgs) StdoutLine: {'line': b'[ 55%] \x1b[32mBuilding C object CMakeFiles/my_first_package_msgs__rosidl_typesupport_introspection_c.dir/rosidl_typesupport_introspection_c/my_first_package_msgs/action/detail/dist_turtle__type_support.c.o\x1b[0m\n'}
[3.041247] (my_first_package_msgs) StdoutLine: {'line': b'[ 57%] \x1b[32mBuilding C object CMakeFiles/my_first_package_msgs__rosidl_typesupport_introspection_c.dir/rosidl_typesupport_introspection_c/my_first_package_msgs/msg/detail/cmd_and_pose_vel__type_support.c.o\x1b[0m\n'}
[3.049662] (my_first_package_msgs) StdoutLine: {'line': b'[ 59%] \x1b[32mBuilding C object CMakeFiles/my_first_package_msgs__rosidl_typesupport_introspection_c.dir/rosidl_typesupport_introspection_c/my_first_package_msgs/srv/detail/multi_spawn__type_support.c.o\x1b[0m\n'}
[3.106111] (-) TimerEvent: {}
[3.130147] (my_first_package_msgs) StdoutLine: {'line': b'[ 62%] \x1b[32mBuilding CXX object CMakeFiles/my_first_package_msgs__rosidl_typesupport_fastrtps_c.dir/rosidl_typesupport_fastrtps_c/my_first_package_msgs/msg/detail/cmd_and_pose_vel__type_support_c.cpp.o\x1b[0m\n'}
[3.130444] (my_first_package_msgs) StdoutLine: {'line': b'[ 62%] \x1b[32mBuilding CXX object CMakeFiles/my_first_package_msgs__rosidl_typesupport_fastrtps_c.dir/rosidl_typesupport_fastrtps_c/my_first_package_msgs/srv/detail/multi_spawn__type_support_c.cpp.o\x1b[0m\n'}
[3.131836] (my_first_package_msgs) StdoutLine: {'line': b'[ 64%] \x1b[32mBuilding CXX object CMakeFiles/my_first_package_msgs__rosidl_typesupport_fastrtps_c.dir/rosidl_typesupport_fastrtps_c/my_first_package_msgs/action/detail/dist_turtle__type_support_c.cpp.o\x1b[0m\n'}
[3.148982] (my_first_package_msgs) StdoutLine: {'line': b'[ 66%] \x1b[32m\x1b[1mLinking C shared library libmy_first_package_msgs__rosidl_typesupport_introspection_c.so\x1b[0m\n'}
[3.191458] (my_first_package_msgs) StdoutLine: {'line': b'[ 66%] Built target my_first_package_msgs__rosidl_typesupport_introspection_c\n'}
[3.206225] (-) TimerEvent: {}
[3.255192] (my_first_package_msgs) StdoutLine: {'line': b'[ 72%] \x1b[32mBuilding CXX object CMakeFiles/my_first_package_msgs__rosidl_typesupport_fastrtps_cpp.dir/rosidl_typesupport_fastrtps_cpp/my_first_package_msgs/srv/detail/dds_fastrtps/multi_spawn__type_support.cpp.o\x1b[0m\n'}
[3.255393] (my_first_package_msgs) StdoutLine: {'line': b'[ 72%] \x1b[32mBuilding CXX object CMakeFiles/my_first_package_msgs__rosidl_typesupport_fastrtps_cpp.dir/rosidl_typesupport_fastrtps_cpp/my_first_package_msgs/action/detail/dds_fastrtps/dist_turtle__type_support.cpp.o\x1b[0m\n'}
[3.255473] (my_first_package_msgs) StdoutLine: {'line': b'[ 72%] \x1b[32mBuilding CXX object CMakeFiles/my_first_package_msgs__rosidl_typesupport_fastrtps_cpp.dir/rosidl_typesupport_fastrtps_cpp/my_first_package_msgs/msg/detail/dds_fastrtps/cmd_and_pose_vel__type_support.cpp.o\x1b[0m\n'}
[3.306333] (-) TimerEvent: {}
[3.406808] (-) TimerEvent: {}
[3.507142] (-) TimerEvent: {}
[3.607685] (-) TimerEvent: {}
[3.638166] (my_first_package_msgs) StdoutLine: {'line': b'[ 74%] \x1b[32m\x1b[1mLinking CXX shared library libmy_first_package_msgs__rosidl_typesupport_introspection_cpp.so\x1b[0m\n'}
[3.669323] (my_first_package_msgs) StdoutLine: {'line': b'[ 75%] \x1b[32m\x1b[1mLinking CXX shared library libmy_first_package_msgs__rosidl_typesupport_cpp.so\x1b[0m\n'}
[3.707800] (-) TimerEvent: {}
[3.743320] (my_first_package_msgs) StdoutLine: {'line': b'[ 75%] Built target my_first_package_msgs__rosidl_typesupport_introspection_cpp\n'}
[3.766568] (my_first_package_msgs) StdoutLine: {'line': b'[ 75%] Built target my_first_package_msgs__rosidl_typesupport_cpp\n'}
[3.807910] (-) TimerEvent: {}
[3.908137] (-) TimerEvent: {}
[3.911911] (my_first_package_msgs) StdoutLine: {'line': b'[ 77%] \x1b[32m\x1b[1mLinking CXX shared library libmy_first_package_msgs__rosidl_typesupport_fastrtps_c.so\x1b[0m\n'}
[3.960592] (my_first_package_msgs) StdoutLine: {'line': b'[ 77%] Built target my_first_package_msgs__rosidl_typesupport_fastrtps_c\n'}
[4.008291] (-) TimerEvent: {}
[4.108532] (-) TimerEvent: {}
[4.208757] (-) TimerEvent: {}
[4.309039] (-) TimerEvent: {}
[4.381818] (my_first_package_msgs) StdoutLine: {'line': b'[ 79%] \x1b[32m\x1b[1mLinking CXX shared library libmy_first_package_msgs__rosidl_typesupport_fastrtps_cpp.so\x1b[0m\n'}
[4.409166] (-) TimerEvent: {}
[4.454018] (my_first_package_msgs) StdoutLine: {'line': b'[ 79%] Built target my_first_package_msgs__rosidl_typesupport_fastrtps_cpp\n'}
[4.469052] (my_first_package_msgs) StdoutLine: {'line': b'[ 79%] Built target my_first_package_msgs\n'}
[4.484265] (my_first_package_msgs) StdoutLine: {'line': b'[ 81%] \x1b[34m\x1b[1mGenerating Python code for ROS interfaces\x1b[0m\n'}
[4.509264] (-) TimerEvent: {}
[4.609479] (-) TimerEvent: {}
[4.709703] (-) TimerEvent: {}
[4.809919] (-) TimerEvent: {}
[4.910152] (-) TimerEvent: {}
[5.010418] (-) TimerEvent: {}
[5.110633] (-) TimerEvent: {}
[5.210847] (-) TimerEvent: {}
[5.311025] (-) TimerEvent: {}
[5.376772] (my_first_package_msgs) StdoutLine: {'line': b'[ 81%] Built target my_first_package_msgs__py\n'}
[5.395409] (my_first_package_msgs) StdoutLine: {'line': b'[ 87%] \x1b[32mBuilding C object CMakeFiles/my_first_package_msgs__rosidl_generator_py.dir/rosidl_generator_py/my_first_package_msgs/action/_dist_turtle_s.c.o\x1b[0m\n'}
[5.395569] (my_first_package_msgs) StdoutLine: {'line': b'[ 87%] \x1b[32mBuilding C object CMakeFiles/my_first_package_msgs__rosidl_generator_py.dir/rosidl_generator_py/my_first_package_msgs/msg/_cmd_and_pose_vel_s.c.o\x1b[0m\n'}
[5.395638] (my_first_package_msgs) StdoutLine: {'line': b'[ 87%] \x1b[32mBuilding C object CMakeFiles/my_first_package_msgs__rosidl_generator_py.dir/rosidl_generator_py/my_first_package_msgs/srv/_multi_spawn_s.c.o\x1b[0m\n'}
[5.411142] (-) TimerEvent: {}
[5.511387] (-) TimerEvent: {}
[5.600614] (my_first_package_msgs) StdoutLine: {'line': b'[ 88%] \x1b[32m\x1b[1mLinking C shared library libmy_first_package_msgs__rosidl_generator_py.so\x1b[0m\n'}
[5.611471] (-) TimerEvent: {}
[5.640634] (my_first_package_msgs) StdoutLine: {'line': b'[ 88%] Built target my_first_package_msgs__rosidl_generator_py\n'}
[5.659203] (my_first_package_msgs) StdoutLine: {'line': b'[ 94%] \x1b[32mBuilding C object CMakeFiles/my_first_package_msgs_s__rosidl_typesupport_introspection_c.dir/rosidl_generator_py/my_first_package_msgs/_my_first_package_msgs_s.ep.rosidl_typesupport_introspection_c.c.o\x1b[0m\n'}
[5.659447] (my_first_package_msgs) StdoutLine: {'line': b'[ 94%] \x1b[32mBuilding C object CMakeFiles/my_first_package_msgs_s__rosidl_typesupport_fastrtps_c.dir/rosidl_generator_py/my_first_package_msgs/_my_first_package_msgs_s.ep.rosidl_typesupport_fastrtps_c.c.o\x1b[0m\n'}
[5.659561] (my_first_package_msgs) StdoutLine: {'line': b'[ 94%] \x1b[32mBuilding C object CMakeFiles/my_first_package_msgs_s__rosidl_typesupport_c.dir/rosidl_generator_py/my_first_package_msgs/_my_first_package_msgs_s.ep.rosidl_typesupport_c.c.o\x1b[0m\n'}
[5.711580] (-) TimerEvent: {}
[5.784710] (my_first_package_msgs) StdoutLine: {'line': b'[100%] \x1b[32m\x1b[1mLinking C shared module rosidl_generator_py/my_first_package_msgs/my_first_package_msgs_s__rosidl_typesupport_introspection_c.so\x1b[0m\n'}
[5.784925] (my_first_package_msgs) StdoutLine: {'line': b'[100%] \x1b[32m\x1b[1mLinking C shared module rosidl_generator_py/my_first_package_msgs/my_first_package_msgs_s__rosidl_typesupport_c.so\x1b[0m\n'}
[5.785036] (my_first_package_msgs) StdoutLine: {'line': b'[100%] \x1b[32m\x1b[1mLinking C shared module rosidl_generator_py/my_first_package_msgs/my_first_package_msgs_s__rosidl_typesupport_fastrtps_c.so\x1b[0m\n'}
[5.810191] (my_first_package_msgs) StdoutLine: {'line': b'[100%] Built target my_first_package_msgs_s__rosidl_typesupport_introspection_c\n'}
[5.810440] (my_first_package_msgs) StdoutLine: {'line': b'[100%] Built target my_first_package_msgs_s__rosidl_typesupport_fastrtps_c\n'}
[5.810571] (my_first_package_msgs) StdoutLine: {'line': b'[100%] Built target my_first_package_msgs_s__rosidl_typesupport_c\n'}
[5.811645] (-) TimerEvent: {}
[5.819712] (my_first_package_msgs) CommandEnded: {'returncode': 0}
[5.820554] (my_first_package_msgs) JobProgress: {'identifier': 'my_first_package_msgs', 'progress': 'install'}
[5.820897] (my_first_package_msgs) Command: {'cmd': ['/usr/bin/cmake', '--install', '/home/tm/dev_ws/ros_c++/build/my_first_package_msgs'], 'cwd': '/home/tm/dev_ws/ros_c++/build/my_first_package_msgs', 'env': OrderedDict({'GJS_DEBUG_TOPICS': 'JS ERROR;JS LOG', 'LESSOPEN': '| /usr/bin/lesspipe %s', 'USER': 'tm', 'LC_TIME': 'en_US.UTF-8', 'GZ_CONFIG_PATH': '/opt/ros/jazzy/opt/sdformat_vendor/share/gz', 'XDG_SESSION_TYPE': 'x11', 'GIT_ASKPASS': '/usr/share/code/resources/app/extensions/git/dist/askpass.sh', 'CLUTTER_DISABLE_MIPMAPPED_TEXT': '1', 'SHLVL': '2', 'LD_LIBRARY_PATH': '/home/tm/dev_ws/ros_c++/install/my_first_package_msgs/lib:/home/tm/dev_ws/ros/install/my_first_package_msgs/lib:/opt/ros/jazzy/opt/sdformat_vendor/lib:/opt/ros/jazzy/opt/rviz_ogre_vendor/lib:/opt/ros/jazzy/lib/x86_64-linux-gnu:/opt/ros/jazzy/opt/gz_math_vendor/lib:/opt/ros/jazzy/opt/gz_utils_vendor/lib:/opt/ros/jazzy/opt/gz_tools_vendor/lib:/opt/ros/jazzy/opt/gz_cmake_vendor/lib:/opt/ros/jazzy/lib', 'HOME': '/home/tm', 'CHROME_DESKTOP': 'code.desktop', 'OLDPWD': '/home/tm/dev_ws/ros_c++/src', 'TERM_PROGRAM_VERSION': '1.99.2', 'DESKTOP_SESSION': 'ubuntu', 'GIO_LAUNCHED_DESKTOP_FILE': '/usr/share/applications/terminator.desktop', 'ROS_PYTHON_VERSION': '3', 'GNOME_SHELL_SESSION_MODE': 'ubuntu', 'GTK_MODULES': 'gail:atk-bridge', 'VSCODE_GIT_ASKPASS_MAIN': '/usr/share/code/resources/app/extensions/git/dist/askpass-main.js', 'PS1': '\\[\x1b]633;A\x07\\](ros) \\[\x1b]633;A\x07\\]\\[\\e[1;34m\\](ID: ${ROS_DOMAIN_ID:-0})\\[\\e[1;32m\\]\\u\\[\\e[0m\\]:\\[\\e[1;34m\\]\\w\\[\\e[0m\\]$ \\[\x1b]633;B\x07\\]\\[\x1b]633;B\x07\\]', 'LC_MONETARY': 'en_US.UTF-8', 'VSCODE_GIT_ASKPASS_NODE': '/usr/share/code/code', 'MANAGERPID': '2507', 'SYSTEMD_EXEC_PID': '2951', 'GSM_SKIP_SSH_AGENT_WORKAROUND': 'true', 'DBUS_SESSION_BUS_ADDRESS': 'unix:path=/run/user/1000/bus', 'COLORTERM': 'truecolor', 'TERMINATOR_DBUS_NAME': 'net.tenshu.Terminator23558193cd9818af7fe4d2c2f5bd9d00f', 'GIO_LAUNCHED_DESKTOP_FILE_PID': '3685', 'DEBUGINFOD_URLS': 'https://debuginfod.ubuntu.com', 'COLCON_PREFIX_PATH': '/home/tm/dev_ws/ros_c++/install:/home/tm/dev_ws/ros/install', 'ROS_DISTRO': 'jazzy', 'LOGNAME': 'tm', 'JOURNAL_STREAM': '9:27723', '_': '/usr/bin/colcon', 'ROS_VERSION': '2', 'MEMORY_PRESSURE_WATCH': '/sys/fs/cgroup/user.slice/user-1000.slice/user@1000.service/session.slice/org.gnome.Shell@x11.service/memory.pressure', 'XDG_SESSION_CLASS': 'user', 'USERNAME': 'tm', 'TERM': 'xterm-256color', 'GNOME_DESKTOP_SESSION_ID': 'this-is-deprecated', 'ROS_LOCALHOST_ONLY': '1', 'WINDOWPATH': '2', 'PATH': '/home/tm/venv/ros/bin:/opt/ros/jazzy/opt/gz_tools_vendor/bin:/opt/ros/jazzy/bin:/home/tm/venv/ros/bin:/home/tm/.local/bin:/usr/local/sbin:/usr/local/bin:/usr/sbin:/usr/bin:/sbin:/bin:/usr/games:/usr/local/games:/snap/bin:/snap/bin', 'SESSION_MANAGER': 'local/tm-GF65-Thin-10UE:@/tmp/.ICE-unix/2910,unix/tm-GF65-Thin-10UE:/tmp/.ICE-unix/2910', 'INVOCATION_ID': '8572a02b626f4a79854a71ddb6f48bcb', 'PAPERSIZE': 'letter', 'XDG_MENU_PREFIX': 'gnome-', 'LC_ADDRESS': 'en_US.UTF-8', 'XDG_RUNTIME_DIR': '/run/user/1000', 'GDK_BACKEND': 'x11', 'DISPLAY': ':1', 'TERMINATOR_DBUS_PATH': '/net/tenshu/Terminator2', 'LANG': 'en_US.UTF-8', 'XDG_CURRENT_DESKTOP': 'Unity', 'LC_TELEPHONE': 'en_US.UTF-8', 'VIRTUAL_ENV_PROMPT': '(ros)', 'XMODIFIERS': '@im=ibus', 'XDG_SESSION_DESKTOP': 'ubuntu', 'XAUTHORITY': '/run/user/1000/gdm/Xauthority', 'LS_COLORS': 'rs=0:di=01;34:ln=01;36:mh=00:pi=40;33:so=01;35:do=01;35:bd=40;33;01:cd=40;33;01:or=40;31;01:mi=00:su=37;41:sg=30;43:ca=00:tw=30;42:ow=34;42:st=37;44:ex=01;32:*.tar=01;31:*.tgz=01;31:*.arc=01;31:*.arj=01;31:*.taz=01;31:*.lha=01;31:*.lz4=01;31:*.lzh=01;31:*.lzma=01;31:*.tlz=01;31:*.txz=01;31:*.tzo=01;31:*.t7z=01;31:*.zip=01;31:*.z=01;31:*.dz=01;31:*.gz=01;31:*.lrz=01;31:*.lz=01;31:*.lzo=01;31:*.xz=01;31:*.zst=01;31:*.tzst=01;31:*.bz2=01;31:*.bz=01;31:*.tbz=01;31:*.tbz2=01;31:*.tz=01;31:*.deb=01;31:*.rpm=01;31:*.jar=01;31:*.war=01;31:*.ear=01;31:*.sar=01;31:*.rar=01;31:*.alz=01;31:*.ace=01;31:*.zoo=01;31:*.cpio=01;31:*.7z=01;31:*.rz=01;31:*.cab=01;31:*.wim=01;31:*.swm=01;31:*.dwm=01;31:*.esd=01;31:*.avif=01;35:*.jpg=01;35:*.jpeg=01;35:*.mjpg=01;35:*.mjpeg=01;35:*.gif=01;35:*.bmp=01;35:*.pbm=01;35:*.pgm=01;35:*.ppm=01;35:*.tga=01;35:*.xbm=01;35:*.xpm=01;35:*.tif=01;35:*.tiff=01;35:*.png=01;35:*.svg=01;35:*.svgz=01;35:*.mng=01;35:*.pcx=01;35:*.mov=01;35:*.mpg=01;35:*.mpeg=01;35:*.m2v=01;35:*.mkv=01;35:*.webm=01;35:*.webp=01;35:*.ogm=01;35:*.mp4=01;35:*.m4v=01;35:*.mp4v=01;35:*.vob=01;35:*.qt=01;35:*.nuv=01;35:*.wmv=01;35:*.asf=01;35:*.rm=01;35:*.rmvb=01;35:*.flc=01;35:*.avi=01;35:*.fli=01;35:*.flv=01;35:*.gl=01;35:*.dl=01;35:*.xcf=01;35:*.xwd=01;35:*.yuv=01;35:*.cgm=01;35:*.emf=01;35:*.ogv=01;35:*.ogx=01;35:*.aac=00;36:*.au=00;36:*.flac=00;36:*.m4a=00;36:*.mid=00;36:*.midi=00;36:*.mka=00;36:*.mp3=00;36:*.mpc=00;36:*.ogg=00;36:*.ra=00;36:*.wav=00;36:*.oga=00;36:*.opus=00;36:*.spx=00;36:*.xspf=00;36:*~=00;90:*#=00;90:*.bak=00;90:*.crdownload=00;90:*.dpkg-dist=00;90:*.dpkg-new=00;90:*.dpkg-old=00;90:*.dpkg-tmp=00;90:*.old=00;90:*.orig=00;90:*.part=00;90:*.rej=00;90:*.rpmnew=00;90:*.rpmorig=00;90:*.rpmsave=00;90:*.swp=00;90:*.tmp=00;90:*.ucf-dist=00;90:*.ucf-new=00;90:*.ucf-old=00;90:', 'VSCODE_GIT_IPC_HANDLE': '/run/user/1000/vscode-git-d53cea2ef5.sock', 'TERM_PROGRAM': 'vscode', 'SSH_AUTH_SOCK': '/run/user/1000/keyring/ssh', 'ROS_DOMAIN_ID': '07', 'AMENT_PREFIX_PATH': '/home/tm/dev_ws/ros_c++/install/my_first_package_msgs:/home/tm/dev_ws/ros_c++/install/my_first_package:/home/tm/dev_ws/ros/install/my_test_package:/home/tm/dev_ws/ros/install/my_first_package_msgs:/home/tm/dev_ws/ros/install/my_first_package:/home/tm/dev_ws/ros/install/camera_package:/opt/ros/jazzy', 'ORIGINAL_XDG_CURRENT_DESKTOP': 'ubuntu:GNOME', 'SHELL': '/bin/bash', 'LC_NAME': 'en_US.UTF-8', 'TERMINATOR_UUID': 'urn:uuid:01e3cd56-5aae-49e3-b941-8604889d857f', 'QT_ACCESSIBILITY': '1', 'GDMSESSION': 'ubuntu', 'LESSCLOSE': '/usr/bin/lesspipe %s %s', 'LC_MEASUREMENT': 'en_US.UTF-8', 'GPG_AGENT_INFO': '/run/user/1000/gnupg/S.gpg-agent:0:1', 'GJS_DEBUG_OUTPUT': 'stderr', 'LC_IDENTIFICATION': 'en_US.UTF-8', 'VIRTUAL_ENV': '/home/tm/venv/ros', 'ROS_AUTOMATIC_DISCOVERY_RANGE': 'SUBNET', 'VSCODE_GIT_ASKPASS_EXTRA_ARGS': '', 'QT_IM_MODULE': 'ibus', 'PWD': '/home/tm/dev_ws/ros_c++/build/my_first_package_msgs', 'LC_ALL': 'en_US.UTF-8', 'XDG_CONFIG_DIRS': '/etc/xdg/xdg-ubuntu:/etc/xdg', 'XDG_DATA_DIRS': '/usr/share/ubuntu:/usr/share/gnome:/usr/local/share/:/usr/share/:/var/lib/snapd/desktop', 'QTWEBENGINE_DICTIONARIES_PATH': '/usr/share/hunspell-bdic/', 'PYTHONPATH': '/home/tm/dev_ws/ros_c++/install/my_first_package_msgs/lib/python3.12/site-packages:/home/tm/dev_ws/ros/install/my_test_package/lib/python3.12/site-packages:/home/tm/dev_ws/ros/install/my_first_package_msgs/lib/python3.12/site-packages:/home/tm/dev_ws/ros/install/my_first_package/lib/python3.12/site-packages:/home/tm/dev_ws/ros/install/camera_package/lib/python3.12/site-packages:/opt/ros/jazzy/lib/python3.12/site-packages', 'LC_NUMERIC': 'en_US.UTF-8', 'LC_PAPER': 'en_US.UTF-8', 'COLCON': '1', 'MEMORY_PRESSURE_WRITE': 'c29tZSAyMDAwMDAgMjAwMDAwMAA=', 'VTE_VERSION': '7600', 'CMAKE_PREFIX_PATH': '/home/tm/dev_ws/ros_c++/install/my_first_package_msgs:/home/tm/dev_ws/ros_c++/install/my_first_package:/home/tm/dev_ws/ros/install/my_first_package_msgs:/opt/ros/jazzy/opt/sdformat_vendor:/opt/ros/jazzy/opt/gz_math_vendor:/opt/ros/jazzy/opt/gz_utils_vendor:/opt/ros/jazzy/opt/gz_tools_vendor:/opt/ros/jazzy/opt/gz_cmake_vendor:/home/tm/dev_ws/ros/install/my_test_package:/home/tm/dev_ws/ros/install/my_first_package:/home/tm/dev_ws/ros/install/camera_package:/opt/ros/jazzy'}), 'shell': False}
[5.830627] (my_first_package_msgs) StdoutLine: {'line': b'-- Install configuration: ""\n'}
[5.830882] (my_first_package_msgs) StdoutLine: {'line': b'-- Installing: /home/tm/dev_ws/ros_c++/install/my_first_package_msgs/share/ament_index/resource_index/rosidl_interfaces/my_first_package_msgs\n'}
[5.831047] (my_first_package_msgs) StdoutLine: {'line': b'-- Installing: /home/tm/dev_ws/ros_c++/install/my_first_package_msgs/share/my_first_package_msgs/msg/CmdAndPoseVel.json\n'}
[5.831179] (my_first_package_msgs) StdoutLine: {'line': b'-- Installing: /home/tm/dev_ws/ros_c++/install/my_first_package_msgs/share/my_first_package_msgs/srv/MultiSpawn.json\n'}
[5.831340] (my_first_package_msgs) StdoutLine: {'line': b'-- Installing: /home/tm/dev_ws/ros_c++/install/my_first_package_msgs/share/my_first_package_msgs/action/DistTurtle.json\n'}
[5.831490] (my_first_package_msgs) StdoutLine: {'line': b'-- Up-to-date: /home/tm/dev_ws/ros_c++/install/my_first_package_msgs/include/my_first_package_msgs/my_first_package_msgs\n'}
[5.831617] (my_first_package_msgs) StdoutLine: {'line': b'-- Installing: /home/tm/dev_ws/ros_c++/install/my_first_package_msgs/include/my_first_package_msgs/my_first_package_msgs/action\n'}
[5.831751] (my_first_package_msgs) StdoutLine: {'line': b'-- Installing: /home/tm/dev_ws/ros_c++/install/my_first_package_msgs/include/my_first_package_msgs/my_first_package_msgs/action/detail\n'}
[5.831877] (my_first_package_msgs) StdoutLine: {'line': b'-- Installing: /home/tm/dev_ws/ros_c++/install/my_first_package_msgs/include/my_first_package_msgs/my_first_package_msgs/action/detail/dist_turtle__functions.c\n'}
[5.832053] (my_first_package_msgs) StdoutLine: {'line': b'-- Installing: /home/tm/dev_ws/ros_c++/install/my_first_package_msgs/include/my_first_package_msgs/my_first_package_msgs/action/detail/dist_turtle__functions.h\n'}
[5.832211] (my_first_package_msgs) StdoutLine: {'line': b'-- Installing: /home/tm/dev_ws/ros_c++/install/my_first_package_msgs/include/my_first_package_msgs/my_first_package_msgs/action/detail/dist_turtle__type_support.c\n'}
[5.832364] (my_first_package_msgs) StdoutLine: {'line': b'-- Installing: /home/tm/dev_ws/ros_c++/install/my_first_package_msgs/include/my_first_package_msgs/my_first_package_msgs/action/detail/dist_turtle__struct.h\n'}
[5.832510] (my_first_package_msgs) StdoutLine: {'line': b'-- Installing: /home/tm/dev_ws/ros_c++/install/my_first_package_msgs/include/my_first_package_msgs/my_first_package_msgs/action/detail/dist_turtle__description.c\n'}
[5.832640] (my_first_package_msgs) StdoutLine: {'line': b'-- Installing: /home/tm/dev_ws/ros_c++/install/my_first_package_msgs/include/my_first_package_msgs/my_first_package_msgs/action/detail/dist_turtle__type_support.h\n'}
[5.832778] (my_first_package_msgs) StdoutLine: {'line': b'-- Installing: /home/tm/dev_ws/ros_c++/install/my_first_package_msgs/include/my_first_package_msgs/my_first_package_msgs/action/dist_turtle.h\n'}
[5.832936] (my_first_package_msgs) StdoutLine: {'line': b'-- Up-to-date: /home/tm/dev_ws/ros_c++/install/my_first_package_msgs/include/my_first_package_msgs/my_first_package_msgs/msg\n'}
[5.833059] (my_first_package_msgs) StdoutLine: {'line': b'-- Up-to-date: /home/tm/dev_ws/ros_c++/install/my_first_package_msgs/include/my_first_package_msgs/my_first_package_msgs/msg/detail\n'}
[5.833178] (my_first_package_msgs) StdoutLine: {'line': b'-- Installing: /home/tm/dev_ws/ros_c++/install/my_first_package_msgs/include/my_first_package_msgs/my_first_package_msgs/msg/detail/cmd_and_pose_vel__type_support.c\n'}
[5.833312] (my_first_package_msgs) StdoutLine: {'line': b'-- Installing: /home/tm/dev_ws/ros_c++/install/my_first_package_msgs/include/my_first_package_msgs/my_first_package_msgs/msg/detail/cmd_and_pose_vel__type_support.h\n'}
[5.833467] (my_first_package_msgs) StdoutLine: {'line': b'-- Installing: /home/tm/dev_ws/ros_c++/install/my_first_package_msgs/include/my_first_package_msgs/my_first_package_msgs/msg/detail/cmd_and_pose_vel__functions.h\n'}
[5.833598] (my_first_package_msgs) StdoutLine: {'line': b'-- Installing: /home/tm/dev_ws/ros_c++/install/my_first_package_msgs/include/my_first_package_msgs/my_first_package_msgs/msg/detail/cmd_and_pose_vel__description.c\n'}
[5.833733] (my_first_package_msgs) StdoutLine: {'line': b'-- Installing: /home/tm/dev_ws/ros_c++/install/my_first_package_msgs/include/my_first_package_msgs/my_first_package_msgs/msg/detail/cmd_and_pose_vel__struct.h\n'}
[5.833853] (my_first_package_msgs) StdoutLine: {'line': b'-- Installing: /home/tm/dev_ws/ros_c++/install/my_first_package_msgs/include/my_first_package_msgs/my_first_package_msgs/msg/detail/cmd_and_pose_vel__functions.c\n'}
[5.833985] (my_first_package_msgs) StdoutLine: {'line': b'-- Installing: /home/tm/dev_ws/ros_c++/install/my_first_package_msgs/include/my_first_package_msgs/my_first_package_msgs/msg/cmd_and_pose_vel.h\n'}
[5.834098] (my_first_package_msgs) StdoutLine: {'line': b'-- Up-to-date: /home/tm/dev_ws/ros_c++/install/my_first_package_msgs/include/my_first_package_msgs/my_first_package_msgs/msg/rosidl_generator_c__visibility_control.h\n'}
[5.834232] (my_first_package_msgs) StdoutLine: {'line': b'-- Up-to-date: /home/tm/dev_ws/ros_c++/install/my_first_package_msgs/include/my_first_package_msgs/my_first_package_msgs/srv\n'}
[5.834394] (my_first_package_msgs) StdoutLine: {'line': b'-- Up-to-date: /home/tm/dev_ws/ros_c++/install/my_first_package_msgs/include/my_first_package_msgs/my_first_package_msgs/srv/detail\n'}
[5.834540] (my_first_package_msgs) StdoutLine: {'line': b'-- Installing: /home/tm/dev_ws/ros_c++/install/my_first_package_msgs/include/my_first_package_msgs/my_first_package_msgs/srv/detail/multi_spawn__description.c\n'}
[5.834686] (my_first_package_msgs) StdoutLine: {'line': b'-- Installing: /home/tm/dev_ws/ros_c++/install/my_first_package_msgs/include/my_first_package_msgs/my_first_package_msgs/srv/detail/multi_spawn__type_support.c\n'}
[5.834816] (my_first_package_msgs) StdoutLine: {'line': b'-- Installing: /home/tm/dev_ws/ros_c++/install/my_first_package_msgs/include/my_first_package_msgs/my_first_package_msgs/srv/detail/multi_spawn__functions.c\n'}
[5.834934] (my_first_package_msgs) StdoutLine: {'line': b'-- Installing: /home/tm/dev_ws/ros_c++/install/my_first_package_msgs/include/my_first_package_msgs/my_first_package_msgs/srv/detail/multi_spawn__struct.h\n'}
[5.835049] (my_first_package_msgs) StdoutLine: {'line': b'-- Installing: /home/tm/dev_ws/ros_c++/install/my_first_package_msgs/include/my_first_package_msgs/my_first_package_msgs/srv/detail/multi_spawn__type_support.h\n'}
[5.835175] (my_first_package_msgs) StdoutLine: {'line': b'-- Installing: /home/tm/dev_ws/ros_c++/install/my_first_package_msgs/include/my_first_package_msgs/my_first_package_msgs/srv/detail/multi_spawn__functions.h\n'}
[5.835348] (my_first_package_msgs) StdoutLine: {'line': b'-- Installing: /home/tm/dev_ws/ros_c++/install/my_first_package_msgs/include/my_first_package_msgs/my_first_package_msgs/srv/multi_spawn.h\n'}
[5.835482] (my_first_package_msgs) StdoutLine: {'line': b'-- Up-to-date: /home/tm/dev_ws/ros_c++/install/my_first_package_msgs/share/my_first_package_msgs/environment/library_path.sh\n'}
[5.835626] (my_first_package_msgs) StdoutLine: {'line': b'-- Up-to-date: /home/tm/dev_ws/ros_c++/install/my_first_package_msgs/share/my_first_package_msgs/environment/library_path.dsv\n'}
[5.835774] (my_first_package_msgs) StdoutLine: {'line': b'-- Installing: /home/tm/dev_ws/ros_c++/install/my_first_package_msgs/lib/libmy_first_package_msgs__rosidl_generator_c.so\n'}
[5.835904] (my_first_package_msgs) StdoutLine: {'line': b'-- Set non-toolchain portion of runtime path of "/home/tm/dev_ws/ros_c++/install/my_first_package_msgs/lib/libmy_first_package_msgs__rosidl_generator_c.so" to ""\n'}
[5.836016] (my_first_package_msgs) StdoutLine: {'line': b'-- Up-to-date: /home/tm/dev_ws/ros_c++/install/my_first_package_msgs/include/my_first_package_msgs/my_first_package_msgs\n'}
[5.836164] (my_first_package_msgs) StdoutLine: {'line': b'-- Up-to-date: /home/tm/dev_ws/ros_c++/install/my_first_package_msgs/include/my_first_package_msgs/my_first_package_msgs/action\n'}
[5.836295] (my_first_package_msgs) StdoutLine: {'line': b'-- Up-to-date: /home/tm/dev_ws/ros_c++/install/my_first_package_msgs/include/my_first_package_msgs/my_first_package_msgs/action/detail\n'}
[5.836434] (my_first_package_msgs) StdoutLine: {'line': b'-- Installing: /home/tm/dev_ws/ros_c++/install/my_first_package_msgs/include/my_first_package_msgs/my_first_package_msgs/action/detail/dist_turtle__rosidl_typesupport_fastrtps_c.h\n'}
[5.836567] (my_first_package_msgs) StdoutLine: {'line': b'-- Up-to-date: /home/tm/dev_ws/ros_c++/install/my_first_package_msgs/include/my_first_package_msgs/my_first_package_msgs/msg\n'}
[5.836679] (my_first_package_msgs) StdoutLine: {'line': b'-- Up-to-date: /home/tm/dev_ws/ros_c++/install/my_first_package_msgs/include/my_first_package_msgs/my_first_package_msgs/msg/rosidl_typesupport_fastrtps_c__visibility_control.h\n'}
[5.836827] (my_first_package_msgs) StdoutLine: {'line': b'-- Up-to-date: /home/tm/dev_ws/ros_c++/install/my_first_package_msgs/include/my_first_package_msgs/my_first_package_msgs/msg/detail\n'}
[5.836997] (my_first_package_msgs) StdoutLine: {'line': b'-- Installing: /home/tm/dev_ws/ros_c++/install/my_first_package_msgs/include/my_first_package_msgs/my_first_package_msgs/msg/detail/cmd_and_pose_vel__rosidl_typesupport_fastrtps_c.h\n'}
[5.837143] (my_first_package_msgs) StdoutLine: {'line': b'-- Up-to-date: /home/tm/dev_ws/ros_c++/install/my_first_package_msgs/include/my_first_package_msgs/my_first_package_msgs/srv\n'}
[5.837293] (my_first_package_msgs) StdoutLine: {'line': b'-- Up-to-date: /home/tm/dev_ws/ros_c++/install/my_first_package_msgs/include/my_first_package_msgs/my_first_package_msgs/srv/detail\n'}
[5.837444] (my_first_package_msgs) StdoutLine: {'line': b'-- Installing: /home/tm/dev_ws/ros_c++/install/my_first_package_msgs/include/my_first_package_msgs/my_first_package_msgs/srv/detail/multi_spawn__rosidl_typesupport_fastrtps_c.h\n'}
[5.837596] (my_first_package_msgs) StdoutLine: {'line': b'-- Installing: /home/tm/dev_ws/ros_c++/install/my_first_package_msgs/lib/libmy_first_package_msgs__rosidl_typesupport_fastrtps_c.so\n'}
[5.837739] (my_first_package_msgs) StdoutLine: {'line': b'-- Set non-toolchain portion of runtime path of "/home/tm/dev_ws/ros_c++/install/my_first_package_msgs/lib/libmy_first_package_msgs__rosidl_typesupport_fastrtps_c.so" to ""\n'}
[5.837879] (my_first_package_msgs) StdoutLine: {'line': b'-- Up-to-date: /home/tm/dev_ws/ros_c++/install/my_first_package_msgs/include/my_first_package_msgs/my_first_package_msgs\n'}
[5.838041] (my_first_package_msgs) StdoutLine: {'line': b'-- Up-to-date: /home/tm/dev_ws/ros_c++/install/my_first_package_msgs/include/my_first_package_msgs/my_first_package_msgs/action\n'}
[5.838184] (my_first_package_msgs) StdoutLine: {'line': b'-- Up-to-date: /home/tm/dev_ws/ros_c++/install/my_first_package_msgs/include/my_first_package_msgs/my_first_package_msgs/action/detail\n'}
[5.838334] (my_first_package_msgs) StdoutLine: {'line': b'-- Installing: /home/tm/dev_ws/ros_c++/install/my_first_package_msgs/include/my_first_package_msgs/my_first_package_msgs/action/detail/dist_turtle__rosidl_typesupport_introspection_c.h\n'}
[5.838467] (my_first_package_msgs) StdoutLine: {'line': b'-- Installing: /home/tm/dev_ws/ros_c++/install/my_first_package_msgs/include/my_first_package_msgs/my_first_package_msgs/action/detail/dist_turtle__type_support.c\n'}
[5.838624] (my_first_package_msgs) StdoutLine: {'line': b'-- Up-to-date: /home/tm/dev_ws/ros_c++/install/my_first_package_msgs/include/my_first_package_msgs/my_first_package_msgs/msg\n'}
[5.838779] (my_first_package_msgs) StdoutLine: {'line': b'-- Up-to-date: /home/tm/dev_ws/ros_c++/install/my_first_package_msgs/include/my_first_package_msgs/my_first_package_msgs/msg/detail\n'}
[5.838925] (my_first_package_msgs) StdoutLine: {'line': b'-- Installing: /home/tm/dev_ws/ros_c++/install/my_first_package_msgs/include/my_first_package_msgs/my_first_package_msgs/msg/detail/cmd_and_pose_vel__type_support.c\n'}
[5.839071] (my_first_package_msgs) StdoutLine: {'line': b'-- Installing: /home/tm/dev_ws/ros_c++/install/my_first_package_msgs/include/my_first_package_msgs/my_first_package_msgs/msg/detail/cmd_and_pose_vel__rosidl_typesupport_introspection_c.h\n'}
[5.839189] (my_first_package_msgs) StdoutLine: {'line': b'-- Up-to-date: /home/tm/dev_ws/ros_c++/install/my_first_package_msgs/include/my_first_package_msgs/my_first_package_msgs/msg/rosidl_typesupport_introspection_c__visibility_control.h\n'}
[5.839337] (my_first_package_msgs) StdoutLine: {'line': b'-- Up-to-date: /home/tm/dev_ws/ros_c++/install/my_first_package_msgs/include/my_first_package_msgs/my_first_package_msgs/srv\n'}
[5.839453] (my_first_package_msgs) StdoutLine: {'line': b'-- Up-to-date: /home/tm/dev_ws/ros_c++/install/my_first_package_msgs/include/my_first_package_msgs/my_first_package_msgs/srv/detail\n'}
[5.839570] (my_first_package_msgs) StdoutLine: {'line': b'-- Installing: /home/tm/dev_ws/ros_c++/install/my_first_package_msgs/include/my_first_package_msgs/my_first_package_msgs/srv/detail/multi_spawn__type_support.c\n'}
[5.839688] (my_first_package_msgs) StdoutLine: {'line': b'-- Installing: /home/tm/dev_ws/ros_c++/install/my_first_package_msgs/include/my_first_package_msgs/my_first_package_msgs/srv/detail/multi_spawn__rosidl_typesupport_introspection_c.h\n'}
[5.839802] (my_first_package_msgs) StdoutLine: {'line': b'-- Installing: /home/tm/dev_ws/ros_c++/install/my_first_package_msgs/lib/libmy_first_package_msgs__rosidl_typesupport_introspection_c.so\n'}
[5.839982] (my_first_package_msgs) StdoutLine: {'line': b'-- Set non-toolchain portion of runtime path of "/home/tm/dev_ws/ros_c++/install/my_first_package_msgs/lib/libmy_first_package_msgs__rosidl_typesupport_introspection_c.so" to ""\n'}
[5.840115] (my_first_package_msgs) StdoutLine: {'line': b'-- Installing: /home/tm/dev_ws/ros_c++/install/my_first_package_msgs/lib/libmy_first_package_msgs__rosidl_typesupport_c.so\n'}
[5.840283] (my_first_package_msgs) StdoutLine: {'line': b'-- Set non-toolchain portion of runtime path of "/home/tm/dev_ws/ros_c++/install/my_first_package_msgs/lib/libmy_first_package_msgs__rosidl_typesupport_c.so" to ""\n'}
[5.840420] (my_first_package_msgs) StdoutLine: {'line': b'-- Up-to-date: /home/tm/dev_ws/ros_c++/install/my_first_package_msgs/include/my_first_package_msgs/my_first_package_msgs\n'}
[5.840565] (my_first_package_msgs) StdoutLine: {'line': b'-- Up-to-date: /home/tm/dev_ws/ros_c++/install/my_first_package_msgs/include/my_first_package_msgs/my_first_package_msgs/action\n'}
[5.840709] (my_first_package_msgs) StdoutLine: {'line': b'-- Up-to-date: /home/tm/dev_ws/ros_c++/install/my_first_package_msgs/include/my_first_package_msgs/my_first_package_msgs/action/detail\n'}
[5.840842] (my_first_package_msgs) StdoutLine: {'line': b'-- Installing: /home/tm/dev_ws/ros_c++/install/my_first_package_msgs/include/my_first_package_msgs/my_first_package_msgs/action/detail/dist_turtle__traits.hpp\n'}
[5.840977] (my_first_package_msgs) StdoutLine: {'line': b'-- Installing: /home/tm/dev_ws/ros_c++/install/my_first_package_msgs/include/my_first_package_msgs/my_first_package_msgs/action/detail/dist_turtle__type_support.hpp\n'}
[5.841113] (my_first_package_msgs) StdoutLine: {'line': b'-- Installing: /home/tm/dev_ws/ros_c++/install/my_first_package_msgs/include/my_first_package_msgs/my_first_package_msgs/action/detail/dist_turtle__struct.hpp\n'}
[5.841246] (my_first_package_msgs) StdoutLine: {'line': b'-- Installing: /home/tm/dev_ws/ros_c++/install/my_first_package_msgs/include/my_first_package_msgs/my_first_package_msgs/action/detail/dist_turtle__builder.hpp\n'}
[5.841403] (my_first_package_msgs) StdoutLine: {'line': b'-- Installing: /home/tm/dev_ws/ros_c++/install/my_first_package_msgs/include/my_first_package_msgs/my_first_package_msgs/action/dist_turtle.hpp\n'}
[5.841539] (my_first_package_msgs) StdoutLine: {'line': b'-- Up-to-date: /home/tm/dev_ws/ros_c++/install/my_first_package_msgs/include/my_first_package_msgs/my_first_package_msgs/msg\n'}
[5.841670] (my_first_package_msgs) StdoutLine: {'line': b'-- Up-to-date: /home/tm/dev_ws/ros_c++/install/my_first_package_msgs/include/my_first_package_msgs/my_first_package_msgs/msg/detail\n'}
[5.841801] (my_first_package_msgs) StdoutLine: {'line': b'-- Installing: /home/tm/dev_ws/ros_c++/install/my_first_package_msgs/include/my_first_package_msgs/my_first_package_msgs/msg/detail/cmd_and_pose_vel__type_support.hpp\n'}
[5.841969] (my_first_package_msgs) StdoutLine: {'line': b'-- Installing: /home/tm/dev_ws/ros_c++/install/my_first_package_msgs/include/my_first_package_msgs/my_first_package_msgs/msg/detail/cmd_and_pose_vel__traits.hpp\n'}
[5.842184] (my_first_package_msgs) StdoutLine: {'line': b'-- Installing: /home/tm/dev_ws/ros_c++/install/my_first_package_msgs/include/my_first_package_msgs/my_first_package_msgs/msg/detail/cmd_and_pose_vel__builder.hpp\n'}
[5.842341] (my_first_package_msgs) StdoutLine: {'line': b'-- Installing: /home/tm/dev_ws/ros_c++/install/my_first_package_msgs/include/my_first_package_msgs/my_first_package_msgs/msg/detail/cmd_and_pose_vel__struct.hpp\n'}
[5.842484] (my_first_package_msgs) StdoutLine: {'line': b'-- Installing: /home/tm/dev_ws/ros_c++/install/my_first_package_msgs/include/my_first_package_msgs/my_first_package_msgs/msg/cmd_and_pose_vel.hpp\n'}
[5.842615] (my_first_package_msgs) StdoutLine: {'line': b'-- Installing: /home/tm/dev_ws/ros_c++/install/my_first_package_msgs/include/my_first_package_msgs/my_first_package_msgs/msg/rosidl_generator_cpp__visibility_control.hpp\n'}
[5.842748] (my_first_package_msgs) StdoutLine: {'line': b'-- Up-to-date: /home/tm/dev_ws/ros_c++/install/my_first_package_msgs/include/my_first_package_msgs/my_first_package_msgs/srv\n'}
[5.842880] (my_first_package_msgs) StdoutLine: {'line': b'-- Up-to-date: /home/tm/dev_ws/ros_c++/install/my_first_package_msgs/include/my_first_package_msgs/my_first_package_msgs/srv/detail\n'}
[5.843018] (my_first_package_msgs) StdoutLine: {'line': b'-- Installing: /home/tm/dev_ws/ros_c++/install/my_first_package_msgs/include/my_first_package_msgs/my_first_package_msgs/srv/detail/multi_spawn__builder.hpp\n'}
[5.843161] (my_first_package_msgs) StdoutLine: {'line': b'-- Installing: /home/tm/dev_ws/ros_c++/install/my_first_package_msgs/include/my_first_package_msgs/my_first_package_msgs/srv/detail/multi_spawn__type_support.hpp\n'}
[5.843309] (my_first_package_msgs) StdoutLine: {'line': b'-- Installing: /home/tm/dev_ws/ros_c++/install/my_first_package_msgs/include/my_first_package_msgs/my_first_package_msgs/srv/detail/multi_spawn__traits.hpp\n'}
[5.843447] (my_first_package_msgs) StdoutLine: {'line': b'-- Installing: /home/tm/dev_ws/ros_c++/install/my_first_package_msgs/include/my_first_package_msgs/my_first_package_msgs/srv/detail/multi_spawn__struct.hpp\n'}
[5.843590] (my_first_package_msgs) StdoutLine: {'line': b'-- Installing: /home/tm/dev_ws/ros_c++/install/my_first_package_msgs/include/my_first_package_msgs/my_first_package_msgs/srv/multi_spawn.hpp\n'}
[5.843730] (my_first_package_msgs) StdoutLine: {'line': b'-- Up-to-date: /home/tm/dev_ws/ros_c++/install/my_first_package_msgs/include/my_first_package_msgs/my_first_package_msgs\n'}
[5.843872] (my_first_package_msgs) StdoutLine: {'line': b'-- Up-to-date: /home/tm/dev_ws/ros_c++/install/my_first_package_msgs/include/my_first_package_msgs/my_first_package_msgs/action\n'}
[5.844016] (my_first_package_msgs) StdoutLine: {'line': b'-- Up-to-date: /home/tm/dev_ws/ros_c++/install/my_first_package_msgs/include/my_first_package_msgs/my_first_package_msgs/action/detail\n'}
[5.844150] (my_first_package_msgs) StdoutLine: {'line': b'-- Installing: /home/tm/dev_ws/ros_c++/install/my_first_package_msgs/include/my_first_package_msgs/my_first_package_msgs/action/detail/dds_fastrtps\n'}
[5.844293] (my_first_package_msgs) StdoutLine: {'line': b'-- Installing: /home/tm/dev_ws/ros_c++/install/my_first_package_msgs/include/my_first_package_msgs/my_first_package_msgs/action/detail/dist_turtle__rosidl_typesupport_fastrtps_cpp.hpp\n'}
[5.844412] (my_first_package_msgs) StdoutLine: {'line': b'-- Up-to-date: /home/tm/dev_ws/ros_c++/install/my_first_package_msgs/include/my_first_package_msgs/my_first_package_msgs/msg\n'}
[5.844528] (my_first_package_msgs) StdoutLine: {'line': b'-- Up-to-date: /home/tm/dev_ws/ros_c++/install/my_first_package_msgs/include/my_first_package_msgs/my_first_package_msgs/msg/detail\n'}
[5.844641] (my_first_package_msgs) StdoutLine: {'line': b'-- Up-to-date: /home/tm/dev_ws/ros_c++/install/my_first_package_msgs/include/my_first_package_msgs/my_first_package_msgs/msg/detail/dds_fastrtps\n'}
[5.844757] (my_first_package_msgs) StdoutLine: {'line': b'-- Installing: /home/tm/dev_ws/ros_c++/install/my_first_package_msgs/include/my_first_package_msgs/my_first_package_msgs/msg/detail/cmd_and_pose_vel__rosidl_typesupport_fastrtps_cpp.hpp\n'}
[5.844875] (my_first_package_msgs) StdoutLine: {'line': b'-- Up-to-date: /home/tm/dev_ws/ros_c++/install/my_first_package_msgs/include/my_first_package_msgs/my_first_package_msgs/msg/rosidl_typesupport_fastrtps_cpp__visibility_control.h\n'}
[5.845001] (my_first_package_msgs) StdoutLine: {'line': b'-- Up-to-date: /home/tm/dev_ws/ros_c++/install/my_first_package_msgs/include/my_first_package_msgs/my_first_package_msgs/srv\n'}
[5.845117] (my_first_package_msgs) StdoutLine: {'line': b'-- Up-to-date: /home/tm/dev_ws/ros_c++/install/my_first_package_msgs/include/my_first_package_msgs/my_first_package_msgs/srv/detail\n'}
[5.845244] (my_first_package_msgs) StdoutLine: {'line': b'-- Up-to-date: /home/tm/dev_ws/ros_c++/install/my_first_package_msgs/include/my_first_package_msgs/my_first_package_msgs/srv/detail/dds_fastrtps\n'}
[5.845367] (my_first_package_msgs) StdoutLine: {'line': b'-- Installing: /home/tm/dev_ws/ros_c++/install/my_first_package_msgs/include/my_first_package_msgs/my_first_package_msgs/srv/detail/multi_spawn__rosidl_typesupport_fastrtps_cpp.hpp\n'}
[5.845484] (my_first_package_msgs) StdoutLine: {'line': b'-- Installing: /home/tm/dev_ws/ros_c++/install/my_first_package_msgs/lib/libmy_first_package_msgs__rosidl_typesupport_fastrtps_cpp.so\n'}
[5.845601] (my_first_package_msgs) StdoutLine: {'line': b'-- Set non-toolchain portion of runtime path of "/home/tm/dev_ws/ros_c++/install/my_first_package_msgs/lib/libmy_first_package_msgs__rosidl_typesupport_fastrtps_cpp.so" to ""\n'}
[5.845717] (my_first_package_msgs) StdoutLine: {'line': b'-- Up-to-date: /home/tm/dev_ws/ros_c++/install/my_first_package_msgs/include/my_first_package_msgs/my_first_package_msgs\n'}
[5.845839] (my_first_package_msgs) StdoutLine: {'line': b'-- Up-to-date: /home/tm/dev_ws/ros_c++/install/my_first_package_msgs/include/my_first_package_msgs/my_first_package_msgs/action\n'}
[5.845952] (my_first_package_msgs) StdoutLine: {'line': b'-- Up-to-date: /home/tm/dev_ws/ros_c++/install/my_first_package_msgs/include/my_first_package_msgs/my_first_package_msgs/action/detail\n'}
[5.846091] (my_first_package_msgs) StdoutLine: {'line': b'-- Installing: /home/tm/dev_ws/ros_c++/install/my_first_package_msgs/include/my_first_package_msgs/my_first_package_msgs/action/detail/dist_turtle__rosidl_typesupport_introspection_cpp.hpp\n'}
[5.846216] (my_first_package_msgs) StdoutLine: {'line': b'-- Installing: /home/tm/dev_ws/ros_c++/install/my_first_package_msgs/include/my_first_package_msgs/my_first_package_msgs/action/detail/dist_turtle__type_support.cpp\n'}
[5.846343] (my_first_package_msgs) StdoutLine: {'line': b'-- Up-to-date: /home/tm/dev_ws/ros_c++/install/my_first_package_msgs/include/my_first_package_msgs/my_first_package_msgs/msg\n'}
[5.846463] (my_first_package_msgs) StdoutLine: {'line': b'-- Up-to-date: /home/tm/dev_ws/ros_c++/install/my_first_package_msgs/include/my_first_package_msgs/my_first_package_msgs/msg/detail\n'}
[5.846582] (my_first_package_msgs) StdoutLine: {'line': b'-- Installing: /home/tm/dev_ws/ros_c++/install/my_first_package_msgs/include/my_first_package_msgs/my_first_package_msgs/msg/detail/cmd_and_pose_vel__rosidl_typesupport_introspection_cpp.hpp\n'}
[5.846699] (my_first_package_msgs) StdoutLine: {'line': b'-- Installing: /home/tm/dev_ws/ros_c++/install/my_first_package_msgs/include/my_first_package_msgs/my_first_package_msgs/msg/detail/cmd_and_pose_vel__type_support.cpp\n'}
[5.846820] (my_first_package_msgs) StdoutLine: {'line': b'-- Up-to-date: /home/tm/dev_ws/ros_c++/install/my_first_package_msgs/include/my_first_package_msgs/my_first_package_msgs/srv\n'}
[5.846940] (my_first_package_msgs) StdoutLine: {'line': b'-- Up-to-date: /home/tm/dev_ws/ros_c++/install/my_first_package_msgs/include/my_first_package_msgs/my_first_package_msgs/srv/detail\n'}
[5.847058] (my_first_package_msgs) StdoutLine: {'line': b'-- Installing: /home/tm/dev_ws/ros_c++/install/my_first_package_msgs/include/my_first_package_msgs/my_first_package_msgs/srv/detail/multi_spawn__type_support.cpp\n'}
[5.847176] (my_first_package_msgs) StdoutLine: {'line': b'-- Installing: /home/tm/dev_ws/ros_c++/install/my_first_package_msgs/include/my_first_package_msgs/my_first_package_msgs/srv/detail/multi_spawn__rosidl_typesupport_introspection_cpp.hpp\n'}
[5.847307] (my_first_package_msgs) StdoutLine: {'line': b'-- Installing: /home/tm/dev_ws/ros_c++/install/my_first_package_msgs/lib/libmy_first_package_msgs__rosidl_typesupport_introspection_cpp.so\n'}
[5.847441] (my_first_package_msgs) StdoutLine: {'line': b'-- Set non-toolchain portion of runtime path of "/home/tm/dev_ws/ros_c++/install/my_first_package_msgs/lib/libmy_first_package_msgs__rosidl_typesupport_introspection_cpp.so" to ""\n'}
[5.847561] (my_first_package_msgs) StdoutLine: {'line': b'-- Installing: /home/tm/dev_ws/ros_c++/install/my_first_package_msgs/lib/libmy_first_package_msgs__rosidl_typesupport_cpp.so\n'}
[5.847678] (my_first_package_msgs) StdoutLine: {'line': b'-- Set non-toolchain portion of runtime path of "/home/tm/dev_ws/ros_c++/install/my_first_package_msgs/lib/libmy_first_package_msgs__rosidl_typesupport_cpp.so" to ""\n'}
[5.847787] (my_first_package_msgs) StdoutLine: {'line': b'-- Up-to-date: /home/tm/dev_ws/ros_c++/install/my_first_package_msgs/share/my_first_package_msgs/environment/pythonpath.sh\n'}
[5.847894] (my_first_package_msgs) StdoutLine: {'line': b'-- Up-to-date: /home/tm/dev_ws/ros_c++/install/my_first_package_msgs/share/my_first_package_msgs/environment/pythonpath.dsv\n'}
[5.848018] (my_first_package_msgs) StdoutLine: {'line': b'-- Up-to-date: /home/tm/dev_ws/ros_c++/install/my_first_package_msgs/lib/python3.12/site-packages/my_first_package_msgs-0.0.0-py3.12.egg-info\n'}
[5.848136] (my_first_package_msgs) StdoutLine: {'line': b'-- Installing: /home/tm/dev_ws/ros_c++/install/my_first_package_msgs/lib/python3.12/site-packages/my_first_package_msgs-0.0.0-py3.12.egg-info/PKG-INFO\n'}
[5.848267] (my_first_package_msgs) StdoutLine: {'line': b'-- Installing: /home/tm/dev_ws/ros_c++/install/my_first_package_msgs/lib/python3.12/site-packages/my_first_package_msgs-0.0.0-py3.12.egg-info/top_level.txt\n'}
[5.848386] (my_first_package_msgs) StdoutLine: {'line': b'-- Installing: /home/tm/dev_ws/ros_c++/install/my_first_package_msgs/lib/python3.12/site-packages/my_first_package_msgs-0.0.0-py3.12.egg-info/SOURCES.txt\n'}
[5.848498] (my_first_package_msgs) StdoutLine: {'line': b'-- Installing: /home/tm/dev_ws/ros_c++/install/my_first_package_msgs/lib/python3.12/site-packages/my_first_package_msgs-0.0.0-py3.12.egg-info/dependency_links.txt\n'}
[5.848608] (my_first_package_msgs) StdoutLine: {'line': b'-- Up-to-date: /home/tm/dev_ws/ros_c++/install/my_first_package_msgs/lib/python3.12/site-packages/my_first_package_msgs\n'}
[5.848717] (my_first_package_msgs) StdoutLine: {'line': b'-- Installing: /home/tm/dev_ws/ros_c++/install/my_first_package_msgs/lib/python3.12/site-packages/my_first_package_msgs/my_first_package_msgs_s__rosidl_typesupport_fastrtps_c.so\n'}
[5.848835] (my_first_package_msgs) StdoutLine: {'line': b'-- Installing: /home/tm/dev_ws/ros_c++/install/my_first_package_msgs/lib/python3.12/site-packages/my_first_package_msgs/_my_first_package_msgs_s.ep.rosidl_typesupport_introspection_c.c\n'}
[5.848952] (my_first_package_msgs) StdoutLine: {'line': b'-- Installing: /home/tm/dev_ws/ros_c++/install/my_first_package_msgs/lib/python3.12/site-packages/my_first_package_msgs/_my_first_package_msgs_s.ep.rosidl_typesupport_c.c\n'}
[5.849067] (my_first_package_msgs) StdoutLine: {'line': b'-- Installing: /home/tm/dev_ws/ros_c++/install/my_first_package_msgs/lib/python3.12/site-packages/my_first_package_msgs/action\n'}
[5.849183] (my_first_package_msgs) StdoutLine: {'line': b'-- Installing: /home/tm/dev_ws/ros_c++/install/my_first_package_msgs/lib/python3.12/site-packages/my_first_package_msgs/action/_dist_turtle_s.c\n'}
[5.849311] (my_first_package_msgs) StdoutLine: {'line': b'-- Installing: /home/tm/dev_ws/ros_c++/install/my_first_package_msgs/lib/python3.12/site-packages/my_first_package_msgs/action/__init__.py\n'}
[5.849429] (my_first_package_msgs) StdoutLine: {'line': b'-- Installing: /home/tm/dev_ws/ros_c++/install/my_first_package_msgs/lib/python3.12/site-packages/my_first_package_msgs/action/_dist_turtle.py\n'}
[5.849542] (my_first_package_msgs) StdoutLine: {'line': b'-- Installing: /home/tm/dev_ws/ros_c++/install/my_first_package_msgs/lib/python3.12/site-packages/my_first_package_msgs/my_first_package_msgs_s__rosidl_typesupport_introspection_c.so\n'}
[5.849658] (my_first_package_msgs) StdoutLine: {'line': b'-- Installing: /home/tm/dev_ws/ros_c++/install/my_first_package_msgs/lib/python3.12/site-packages/my_first_package_msgs/_my_first_package_msgs_s.ep.rosidl_typesupport_fastrtps_c.c\n'}
[5.849773] (my_first_package_msgs) StdoutLine: {'line': b'-- Up-to-date: /home/tm/dev_ws/ros_c++/install/my_first_package_msgs/lib/python3.12/site-packages/my_first_package_msgs/msg\n'}
[5.849886] (my_first_package_msgs) StdoutLine: {'line': b'-- Installing: /home/tm/dev_ws/ros_c++/install/my_first_package_msgs/lib/python3.12/site-packages/my_first_package_msgs/msg/_cmd_and_pose_vel_s.c\n'}
[5.850002] (my_first_package_msgs) StdoutLine: {'line': b'-- Installing: /home/tm/dev_ws/ros_c++/install/my_first_package_msgs/lib/python3.12/site-packages/my_first_package_msgs/msg/_cmd_and_pose_vel.py\n'}
[5.850117] (my_first_package_msgs) StdoutLine: {'line': b'-- Installing: /home/tm/dev_ws/ros_c++/install/my_first_package_msgs/lib/python3.12/site-packages/my_first_package_msgs/msg/__init__.py\n'}
[5.850240] (my_first_package_msgs) StdoutLine: {'line': b'-- Installing: /home/tm/dev_ws/ros_c++/install/my_first_package_msgs/lib/python3.12/site-packages/my_first_package_msgs/__init__.py\n'}
[5.850365] (my_first_package_msgs) StdoutLine: {'line': b'-- Installing: /home/tm/dev_ws/ros_c++/install/my_first_package_msgs/lib/python3.12/site-packages/my_first_package_msgs/my_first_package_msgs_s__rosidl_typesupport_c.so\n'}
[5.850486] (my_first_package_msgs) StdoutLine: {'line': b'-- Up-to-date: /home/tm/dev_ws/ros_c++/install/my_first_package_msgs/lib/python3.12/site-packages/my_first_package_msgs/srv\n'}
[5.850611] (my_first_package_msgs) StdoutLine: {'line': b'-- Installing: /home/tm/dev_ws/ros_c++/install/my_first_package_msgs/lib/python3.12/site-packages/my_first_package_msgs/srv/_multi_spawn.py\n'}
[5.850731] (my_first_package_msgs) StdoutLine: {'line': b'-- Installing: /home/tm/dev_ws/ros_c++/install/my_first_package_msgs/lib/python3.12/site-packages/my_first_package_msgs/srv/_multi_spawn_s.c\n'}
[5.850845] (my_first_package_msgs) StdoutLine: {'line': b'-- Installing: /home/tm/dev_ws/ros_c++/install/my_first_package_msgs/lib/python3.12/site-packages/my_first_package_msgs/srv/__init__.py\n'}
[5.891158] (my_first_package_msgs) StdoutLine: {'line': b"Listing '/home/tm/dev_ws/ros_c++/install/my_first_package_msgs/lib/python3.12/site-packages/my_first_package_msgs'...\n"}
[5.891386] (my_first_package_msgs) StdoutLine: {'line': b"Compiling '/home/tm/dev_ws/ros_c++/install/my_first_package_msgs/lib/python3.12/site-packages/my_first_package_msgs/__init__.py'...\n"}
[5.891524] (my_first_package_msgs) StdoutLine: {'line': b"Listing '/home/tm/dev_ws/ros_c++/install/my_first_package_msgs/lib/python3.12/site-packages/my_first_package_msgs/action'...\n"}
[5.891644] (my_first_package_msgs) StdoutLine: {'line': b"Compiling '/home/tm/dev_ws/ros_c++/install/my_first_package_msgs/lib/python3.12/site-packages/my_first_package_msgs/action/__init__.py'...\n"}
[5.891762] (my_first_package_msgs) StdoutLine: {'line': b"Compiling '/home/tm/dev_ws/ros_c++/install/my_first_package_msgs/lib/python3.12/site-packages/my_first_package_msgs/action/_dist_turtle.py'...\n"}
[5.891879] (my_first_package_msgs) StdoutLine: {'line': b"Listing '/home/tm/dev_ws/ros_c++/install/my_first_package_msgs/lib/python3.12/site-packages/my_first_package_msgs/msg'...\n"}
[5.891993] (my_first_package_msgs) StdoutLine: {'line': b"Compiling '/home/tm/dev_ws/ros_c++/install/my_first_package_msgs/lib/python3.12/site-packages/my_first_package_msgs/msg/__init__.py'...\n"}
[5.892104] (my_first_package_msgs) StdoutLine: {'line': b"Compiling '/home/tm/dev_ws/ros_c++/install/my_first_package_msgs/lib/python3.12/site-packages/my_first_package_msgs/msg/_cmd_and_pose_vel.py'...\n"}
[5.892225] (my_first_package_msgs) StdoutLine: {'line': b"Listing '/home/tm/dev_ws/ros_c++/install/my_first_package_msgs/lib/python3.12/site-packages/my_first_package_msgs/srv'...\n"}
[5.892343] (my_first_package_msgs) StdoutLine: {'line': b"Compiling '/home/tm/dev_ws/ros_c++/install/my_first_package_msgs/lib/python3.12/site-packages/my_first_package_msgs/srv/__init__.py'...\n"}
[5.892449] (my_first_package_msgs) StdoutLine: {'line': b"Compiling '/home/tm/dev_ws/ros_c++/install/my_first_package_msgs/lib/python3.12/site-packages/my_first_package_msgs/srv/_multi_spawn.py'...\n"}
[5.896344] (my_first_package_msgs) StdoutLine: {'line': b'-- Installing: /home/tm/dev_ws/ros_c++/install/my_first_package_msgs/lib/python3.12/site-packages/my_first_package_msgs/my_first_package_msgs_s__rosidl_typesupport_fastrtps_c.so\n'}
[5.896583] (my_first_package_msgs) StdoutLine: {'line': b'-- Set non-toolchain portion of runtime path of "/home/tm/dev_ws/ros_c++/install/my_first_package_msgs/lib/python3.12/site-packages/my_first_package_msgs/my_first_package_msgs_s__rosidl_typesupport_fastrtps_c.so" to ""\n'}
[5.896731] (my_first_package_msgs) StdoutLine: {'line': b'-- Installing: /home/tm/dev_ws/ros_c++/install/my_first_package_msgs/lib/python3.12/site-packages/my_first_package_msgs/my_first_package_msgs_s__rosidl_typesupport_introspection_c.so\n'}
[5.896917] (my_first_package_msgs) StdoutLine: {'line': b'-- Set non-toolchain portion of runtime path of "/home/tm/dev_ws/ros_c++/install/my_first_package_msgs/lib/python3.12/site-packages/my_first_package_msgs/my_first_package_msgs_s__rosidl_typesupport_introspection_c.so" to ""\n'}
[5.897084] (my_first_package_msgs) StdoutLine: {'line': b'-- Installing: /home/tm/dev_ws/ros_c++/install/my_first_package_msgs/lib/python3.12/site-packages/my_first_package_msgs/my_first_package_msgs_s__rosidl_typesupport_c.so\n'}
[5.897281] (my_first_package_msgs) StdoutLine: {'line': b'-- Set non-toolchain portion of runtime path of "/home/tm/dev_ws/ros_c++/install/my_first_package_msgs/lib/python3.12/site-packages/my_first_package_msgs/my_first_package_msgs_s__rosidl_typesupport_c.so" to ""\n'}
[5.897429] (my_first_package_msgs) StdoutLine: {'line': b'-- Installing: /home/tm/dev_ws/ros_c++/install/my_first_package_msgs/lib/libmy_first_package_msgs__rosidl_generator_py.so\n'}
[5.897670] (my_first_package_msgs) StdoutLine: {'line': b'-- Set non-toolchain portion of runtime path of "/home/tm/dev_ws/ros_c++/install/my_first_package_msgs/lib/libmy_first_package_msgs__rosidl_generator_py.so" to ""\n'}
[5.897813] (my_first_package_msgs) StdoutLine: {'line': b'-- Up-to-date: /home/tm/dev_ws/ros_c++/install/my_first_package_msgs/share/my_first_package_msgs/msg/CmdAndPoseVel.idl\n'}
[5.897967] (my_first_package_msgs) StdoutLine: {'line': b'-- Up-to-date: /home/tm/dev_ws/ros_c++/install/my_first_package_msgs/share/my_first_package_msgs/srv/MultiSpawn.idl\n'}
[5.898099] (my_first_package_msgs) StdoutLine: {'line': b'-- Installing: /home/tm/dev_ws/ros_c++/install/my_first_package_msgs/share/my_first_package_msgs/action/DistTurtle.idl\n'}
[5.898242] (my_first_package_msgs) StdoutLine: {'line': b'-- Up-to-date: /home/tm/dev_ws/ros_c++/install/my_first_package_msgs/share/my_first_package_msgs/msg/CmdAndPoseVel.msg\n'}
[5.898416] (my_first_package_msgs) StdoutLine: {'line': b'-- Up-to-date: /home/tm/dev_ws/ros_c++/install/my_first_package_msgs/share/my_first_package_msgs/srv/MultiSpawn.srv\n'}
[5.898572] (my_first_package_msgs) StdoutLine: {'line': b'-- Installing: /home/tm/dev_ws/ros_c++/install/my_first_package_msgs/share/my_first_package_msgs/action/DistTurtle.action\n'}
[5.898702] (my_first_package_msgs) StdoutLine: {'line': b'-- Installing: /home/tm/dev_ws/ros_c++/install/my_first_package_msgs/share/ament_index/resource_index/package_run_dependencies/my_first_package_msgs\n'}
[5.898850] (my_first_package_msgs) StdoutLine: {'line': b'-- Installing: /home/tm/dev_ws/ros_c++/install/my_first_package_msgs/share/ament_index/resource_index/parent_prefix_path/my_first_package_msgs\n'}
[5.898999] (my_first_package_msgs) StdoutLine: {'line': b'-- Up-to-date: /home/tm/dev_ws/ros_c++/install/my_first_package_msgs/share/my_first_package_msgs/environment/ament_prefix_path.sh\n'}
[5.899134] (my_first_package_msgs) StdoutLine: {'line': b'-- Up-to-date: /home/tm/dev_ws/ros_c++/install/my_first_package_msgs/share/my_first_package_msgs/environment/ament_prefix_path.dsv\n'}
[5.899274] (my_first_package_msgs) StdoutLine: {'line': b'-- Up-to-date: /home/tm/dev_ws/ros_c++/install/my_first_package_msgs/share/my_first_package_msgs/environment/path.sh\n'}
[5.899407] (my_first_package_msgs) StdoutLine: {'line': b'-- Up-to-date: /home/tm/dev_ws/ros_c++/install/my_first_package_msgs/share/my_first_package_msgs/environment/path.dsv\n'}
[5.899508] (my_first_package_msgs) StdoutLine: {'line': b'-- Up-to-date: /home/tm/dev_ws/ros_c++/install/my_first_package_msgs/share/my_first_package_msgs/local_setup.bash\n'}
[5.899631] (my_first_package_msgs) StdoutLine: {'line': b'-- Up-to-date: /home/tm/dev_ws/ros_c++/install/my_first_package_msgs/share/my_first_package_msgs/local_setup.sh\n'}
[5.899759] (my_first_package_msgs) StdoutLine: {'line': b'-- Up-to-date: /home/tm/dev_ws/ros_c++/install/my_first_package_msgs/share/my_first_package_msgs/local_setup.zsh\n'}
[5.899897] (my_first_package_msgs) StdoutLine: {'line': b'-- Up-to-date: /home/tm/dev_ws/ros_c++/install/my_first_package_msgs/share/my_first_package_msgs/local_setup.dsv\n'}
[5.900041] (my_first_package_msgs) StdoutLine: {'line': b'-- Installing: /home/tm/dev_ws/ros_c++/install/my_first_package_msgs/share/my_first_package_msgs/package.dsv\n'}
[5.900158] (my_first_package_msgs) StdoutLine: {'line': b'-- Up-to-date: /home/tm/dev_ws/ros_c++/install/my_first_package_msgs/share/ament_index/resource_index/packages/my_first_package_msgs\n'}
[5.900300] (my_first_package_msgs) StdoutLine: {'line': b'-- Old export file "/home/tm/dev_ws/ros_c++/install/my_first_package_msgs/share/my_first_package_msgs/cmake/export_my_first_package_msgs__rosidl_generator_cExport.cmake" will be replaced.  Removing files [/home/tm/dev_ws/ros_c++/install/my_first_package_msgs/share/my_first_package_msgs/cmake/export_my_first_package_msgs__rosidl_generator_cExport-noconfig.cmake].\n'}
[5.900431] (my_first_package_msgs) StdoutLine: {'line': b'-- Installing: /home/tm/dev_ws/ros_c++/install/my_first_package_msgs/share/my_first_package_msgs/cmake/export_my_first_package_msgs__rosidl_generator_cExport.cmake\n'}
[5.900574] (my_first_package_msgs) StdoutLine: {'line': b'-- Installing: /home/tm/dev_ws/ros_c++/install/my_first_package_msgs/share/my_first_package_msgs/cmake/export_my_first_package_msgs__rosidl_generator_cExport-noconfig.cmake\n'}
[5.900707] (my_first_package_msgs) StdoutLine: {'line': b'-- Old export file "/home/tm/dev_ws/ros_c++/install/my_first_package_msgs/share/my_first_package_msgs/cmake/export_my_first_package_msgs__rosidl_typesupport_fastrtps_cExport.cmake" will be replaced.  Removing files [/home/tm/dev_ws/ros_c++/install/my_first_package_msgs/share/my_first_package_msgs/cmake/export_my_first_package_msgs__rosidl_typesupport_fastrtps_cExport-noconfig.cmake].\n'}
[5.900851] (my_first_package_msgs) StdoutLine: {'line': b'-- Installing: /home/tm/dev_ws/ros_c++/install/my_first_package_msgs/share/my_first_package_msgs/cmake/export_my_first_package_msgs__rosidl_typesupport_fastrtps_cExport.cmake\n'}
[5.900982] (my_first_package_msgs) StdoutLine: {'line': b'-- Installing: /home/tm/dev_ws/ros_c++/install/my_first_package_msgs/share/my_first_package_msgs/cmake/export_my_first_package_msgs__rosidl_typesupport_fastrtps_cExport-noconfig.cmake\n'}
[5.901084] (my_first_package_msgs) StdoutLine: {'line': b'-- Old export file "/home/tm/dev_ws/ros_c++/install/my_first_package_msgs/share/my_first_package_msgs/cmake/my_first_package_msgs__rosidl_typesupport_introspection_cExport.cmake" will be replaced.  Removing files [/home/tm/dev_ws/ros_c++/install/my_first_package_msgs/share/my_first_package_msgs/cmake/my_first_package_msgs__rosidl_typesupport_introspection_cExport-noconfig.cmake].\n'}
[5.901219] (my_first_package_msgs) StdoutLine: {'line': b'-- Installing: /home/tm/dev_ws/ros_c++/install/my_first_package_msgs/share/my_first_package_msgs/cmake/my_first_package_msgs__rosidl_typesupport_introspection_cExport.cmake\n'}
[5.901372] (my_first_package_msgs) StdoutLine: {'line': b'-- Installing: /home/tm/dev_ws/ros_c++/install/my_first_package_msgs/share/my_first_package_msgs/cmake/my_first_package_msgs__rosidl_typesupport_introspection_cExport-noconfig.cmake\n'}
[5.901529] (my_first_package_msgs) StdoutLine: {'line': b'-- Old export file "/home/tm/dev_ws/ros_c++/install/my_first_package_msgs/share/my_first_package_msgs/cmake/my_first_package_msgs__rosidl_typesupport_cExport.cmake" will be replaced.  Removing files [/home/tm/dev_ws/ros_c++/install/my_first_package_msgs/share/my_first_package_msgs/cmake/my_first_package_msgs__rosidl_typesupport_cExport-noconfig.cmake].\n'}
[5.901677] (my_first_package_msgs) StdoutLine: {'line': b'-- Installing: /home/tm/dev_ws/ros_c++/install/my_first_package_msgs/share/my_first_package_msgs/cmake/my_first_package_msgs__rosidl_typesupport_cExport.cmake\n'}
[5.901817] (my_first_package_msgs) StdoutLine: {'line': b'-- Installing: /home/tm/dev_ws/ros_c++/install/my_first_package_msgs/share/my_first_package_msgs/cmake/my_first_package_msgs__rosidl_typesupport_cExport-noconfig.cmake\n'}
[5.901934] (my_first_package_msgs) StdoutLine: {'line': b'-- Installing: /home/tm/dev_ws/ros_c++/install/my_first_package_msgs/share/my_first_package_msgs/cmake/export_my_first_package_msgs__rosidl_generator_cppExport.cmake\n'}
[5.902068] (my_first_package_msgs) StdoutLine: {'line': b'-- Old export file "/home/tm/dev_ws/ros_c++/install/my_first_package_msgs/share/my_first_package_msgs/cmake/export_my_first_package_msgs__rosidl_typesupport_fastrtps_cppExport.cmake" will be replaced.  Removing files [/home/tm/dev_ws/ros_c++/install/my_first_package_msgs/share/my_first_package_msgs/cmake/export_my_first_package_msgs__rosidl_typesupport_fastrtps_cppExport-noconfig.cmake].\n'}
[5.902202] (my_first_package_msgs) StdoutLine: {'line': b'-- Installing: /home/tm/dev_ws/ros_c++/install/my_first_package_msgs/share/my_first_package_msgs/cmake/export_my_first_package_msgs__rosidl_typesupport_fastrtps_cppExport.cmake\n'}
[5.902334] (my_first_package_msgs) StdoutLine: {'line': b'-- Installing: /home/tm/dev_ws/ros_c++/install/my_first_package_msgs/share/my_first_package_msgs/cmake/export_my_first_package_msgs__rosidl_typesupport_fastrtps_cppExport-noconfig.cmake\n'}
[5.902453] (my_first_package_msgs) StdoutLine: {'line': b'-- Old export file "/home/tm/dev_ws/ros_c++/install/my_first_package_msgs/share/my_first_package_msgs/cmake/my_first_package_msgs__rosidl_typesupport_introspection_cppExport.cmake" will be replaced.  Removing files [/home/tm/dev_ws/ros_c++/install/my_first_package_msgs/share/my_first_package_msgs/cmake/my_first_package_msgs__rosidl_typesupport_introspection_cppExport-noconfig.cmake].\n'}
[5.902566] (my_first_package_msgs) StdoutLine: {'line': b'-- Installing: /home/tm/dev_ws/ros_c++/install/my_first_package_msgs/share/my_first_package_msgs/cmake/my_first_package_msgs__rosidl_typesupport_introspection_cppExport.cmake\n'}
[5.902683] (my_first_package_msgs) StdoutLine: {'line': b'-- Installing: /home/tm/dev_ws/ros_c++/install/my_first_package_msgs/share/my_first_package_msgs/cmake/my_first_package_msgs__rosidl_typesupport_introspection_cppExport-noconfig.cmake\n'}
[5.902801] (my_first_package_msgs) StdoutLine: {'line': b'-- Old export file "/home/tm/dev_ws/ros_c++/install/my_first_package_msgs/share/my_first_package_msgs/cmake/my_first_package_msgs__rosidl_typesupport_cppExport.cmake" will be replaced.  Removing files [/home/tm/dev_ws/ros_c++/install/my_first_package_msgs/share/my_first_package_msgs/cmake/my_first_package_msgs__rosidl_typesupport_cppExport-noconfig.cmake].\n'}
[5.902989] (my_first_package_msgs) StdoutLine: {'line': b'-- Installing: /home/tm/dev_ws/ros_c++/install/my_first_package_msgs/share/my_first_package_msgs/cmake/my_first_package_msgs__rosidl_typesupport_cppExport.cmake\n'}
[5.903468] (my_first_package_msgs) StdoutLine: {'line': b'-- Installing: /home/tm/dev_ws/ros_c++/install/my_first_package_msgs/share/my_first_package_msgs/cmake/my_first_package_msgs__rosidl_typesupport_cppExport-noconfig.cmake\n'}
[5.904131] (my_first_package_msgs) StdoutLine: {'line': b'-- Up-to-date: /home/tm/dev_ws/ros_c++/install/my_first_package_msgs/share/my_first_package_msgs/cmake/export_my_first_package_msgs__rosidl_generator_pyExport.cmake\n'}
[5.904470] (my_first_package_msgs) StdoutLine: {'line': b'-- Installing: /home/tm/dev_ws/ros_c++/install/my_first_package_msgs/share/my_first_package_msgs/cmake/export_my_first_package_msgs__rosidl_generator_pyExport-noconfig.cmake\n'}
[5.904810] (my_first_package_msgs) StdoutLine: {'line': b'-- Installing: /home/tm/dev_ws/ros_c++/install/my_first_package_msgs/share/my_first_package_msgs/cmake/rosidl_cmake-extras.cmake\n'}
[5.904998] (my_first_package_msgs) StdoutLine: {'line': b'-- Installing: /home/tm/dev_ws/ros_c++/install/my_first_package_msgs/share/my_first_package_msgs/cmake/ament_cmake_export_dependencies-extras.cmake\n'}
[5.905169] (my_first_package_msgs) StdoutLine: {'line': b'-- Up-to-date: /home/tm/dev_ws/ros_c++/install/my_first_package_msgs/share/my_first_package_msgs/cmake/ament_cmake_export_include_directories-extras.cmake\n'}
[5.905330] (my_first_package_msgs) StdoutLine: {'line': b'-- Up-to-date: /home/tm/dev_ws/ros_c++/install/my_first_package_msgs/share/my_first_package_msgs/cmake/ament_cmake_export_libraries-extras.cmake\n'}
[5.905465] (my_first_package_msgs) StdoutLine: {'line': b'-- Up-to-date: /home/tm/dev_ws/ros_c++/install/my_first_package_msgs/share/my_first_package_msgs/cmake/ament_cmake_export_targets-extras.cmake\n'}
[5.905622] (my_first_package_msgs) StdoutLine: {'line': b'-- Up-to-date: /home/tm/dev_ws/ros_c++/install/my_first_package_msgs/share/my_first_package_msgs/cmake/rosidl_cmake_export_typesupport_targets-extras.cmake\n'}
[5.905764] (my_first_package_msgs) StdoutLine: {'line': b'-- Up-to-date: /home/tm/dev_ws/ros_c++/install/my_first_package_msgs/share/my_first_package_msgs/cmake/rosidl_cmake_export_typesupport_libraries-extras.cmake\n'}
[5.905889] (my_first_package_msgs) StdoutLine: {'line': b'-- Up-to-date: /home/tm/dev_ws/ros_c++/install/my_first_package_msgs/share/my_first_package_msgs/cmake/my_first_package_msgsConfig.cmake\n'}
[5.906064] (my_first_package_msgs) StdoutLine: {'line': b'-- Up-to-date: /home/tm/dev_ws/ros_c++/install/my_first_package_msgs/share/my_first_package_msgs/cmake/my_first_package_msgsConfig-version.cmake\n'}
[5.906185] (my_first_package_msgs) StdoutLine: {'line': b'-- Installing: /home/tm/dev_ws/ros_c++/install/my_first_package_msgs/share/my_first_package_msgs/package.xml\n'}
[5.906346] (my_first_package_msgs) CommandEnded: {'returncode': 0}
[5.911834] (-) TimerEvent: {}
[5.920980] (my_first_package_msgs) JobEnded: {'identifier': 'my_first_package_msgs', 'rc': 0}
[5.921856] (-) EventReactorShutdown: {}
