[0.000000] (-) TimerEvent: {}
[0.000392] (my_first_package) JobQueued: {'identifier': 'my_first_package', 'dependencies': OrderedDict()}
[0.000579] (my_first_package_msgs) JobQueued: {'identifier': 'my_first_package_msgs', 'dependencies': OrderedDict()}
[0.000597] (my_first_package) JobStarted: {'identifier': 'my_first_package'}
[0.004886] (my_first_package_msgs) JobStarted: {'identifier': 'my_first_package_msgs'}
[0.007826] (my_first_package) JobProgress: {'identifier': 'my_first_package', 'progress': 'cmake'}
[0.008223] (my_first_package) Command: {'cmd': ['/usr/bin/cmake', '/home/tm/dev_ws/ros_c++/src/my_first_package', '-DCMAKE_INSTALL_PREFIX=/home/tm/dev_ws/ros_c++/install/my_first_package'], 'cwd': '/home/tm/dev_ws/ros_c++/build/my_first_package', 'env': OrderedDict({'GJS_DEBUG_TOPICS': 'JS ERROR;JS LOG', 'LESSOPEN': '| /usr/bin/lesspipe %s', 'USER': 'tm', 'LC_TIME': 'en_US.UTF-8', 'GZ_CONFIG_PATH': '/opt/ros/jazzy/opt/sdformat_vendor/share/gz', 'XDG_SESSION_TYPE': 'x11', 'GIT_ASKPASS': '/usr/share/code/resources/app/extensions/git/dist/askpass.sh', 'CLUTTER_DISABLE_MIPMAPPED_TEXT': '1', 'SHLVL': '2', 'LD_LIBRARY_PATH': '/home/tm/dev_ws/ros_c++/install/my_first_package_msgs/lib:/opt/ros/jazzy/opt/sdformat_vendor/lib:/opt/ros/jazzy/opt/rviz_ogre_vendor/lib:/opt/ros/jazzy/lib/x86_64-linux-gnu:/opt/ros/jazzy/opt/gz_math_vendor/lib:/opt/ros/jazzy/opt/gz_utils_vendor/lib:/opt/ros/jazzy/opt/gz_tools_vendor/lib:/opt/ros/jazzy/opt/gz_cmake_vendor/lib:/opt/ros/jazzy/lib', 'HOME': '/home/tm', 'CHROME_DESKTOP': 'code.desktop', 'TERM_PROGRAM_VERSION': '1.99.2', 'DESKTOP_SESSION': 'ubuntu', 'GIO_LAUNCHED_DESKTOP_FILE': '/usr/share/applications/terminator.desktop', 'ROS_PYTHON_VERSION': '3', 'GNOME_SHELL_SESSION_MODE': 'ubuntu', 'GTK_MODULES': 'gail:atk-bridge', 'VSCODE_GIT_ASKPASS_MAIN': '/usr/share/code/resources/app/extensions/git/dist/askpass-main.js', 'PS1': '\\[\x1b]633;A\x07\\](ros) \\[\x1b]633;A\x07\\]\\[\\e[1;34m\\](ID: ${ROS_DOMAIN_ID:-0})\\[\\e[1;32m\\]\\u\\[\\e[0m\\]:\\[\\e[1;34m\\]\\w\\[\\e[0m\\]$ \\[\x1b]633;B\x07\\]\\[\x1b]633;B\x07\\]', 'LC_MONETARY': 'en_US.UTF-8', 'VSCODE_GIT_ASKPASS_NODE': '/usr/share/code/code', 'MANAGERPID': '2401', 'SYSTEMD_EXEC_PID': '2847', 'GSM_SKIP_SSH_AGENT_WORKAROUND': 'true', 'DBUS_SESSION_BUS_ADDRESS': 'unix:path=/run/user/1000/bus', 'COLORTERM': 'truecolor', 'TERMINATOR_DBUS_NAME': 'net.tenshu.Terminator23558193cd9818af7fe4d2c2f5bd9d00f', 'GIO_LAUNCHED_DESKTOP_FILE_PID': '3572', 'DEBUGINFOD_URLS': 'https://debuginfod.ubuntu.com', 'COLCON_PREFIX_PATH': '/home/tm/dev_ws/ros_c++/install', 'ROS_DISTRO': 'jazzy', 'LOGNAME': 'tm', 'JOURNAL_STREAM': '9:19830', '_': '/usr/bin/colcon', 'ROS_VERSION': '2', 'MEMORY_PRESSURE_WATCH': '/sys/fs/cgroup/user.slice/user-1000.slice/user@1000.service/session.slice/org.gnome.Shell@x11.service/memory.pressure', 'XDG_SESSION_CLASS': 'user', 'USERNAME': 'tm', 'TERM': 'xterm-256color', 'GNOME_DESKTOP_SESSION_ID': 'this-is-deprecated', 'ROS_LOCALHOST_ONLY': '1', 'WINDOWPATH': '2', 'PATH': '/home/tm/venv/ros/bin:/opt/ros/jazzy/opt/gz_tools_vendor/bin:/opt/ros/jazzy/bin:/home/tm/venv/ros/bin:/home/tm/.local/bin:/usr/local/sbin:/usr/local/bin:/usr/sbin:/usr/bin:/sbin:/bin:/usr/games:/usr/local/games:/snap/bin:/snap/bin', 'SESSION_MANAGER': 'local/tm-GF65-Thin-10UE:@/tmp/.ICE-unix/2802,unix/tm-GF65-Thin-10UE:/tmp/.ICE-unix/2802', 'INVOCATION_ID': '0276fcb0caae4839add7e45e8113f0ee', 'PAPERSIZE': 'letter', 'XDG_MENU_PREFIX': 'gnome-', 'LC_ADDRESS': 'en_US.UTF-8', 'XDG_RUNTIME_DIR': '/run/user/1000', 'GDK_BACKEND': 'x11', 'DISPLAY': ':1', 'TERMINATOR_DBUS_PATH': '/net/tenshu/Terminator2', 'LANG': 'en_US.UTF-8', 'XDG_CURRENT_DESKTOP': 'Unity', 'LC_TELEPHONE': 'en_US.UTF-8', 'VIRTUAL_ENV_PROMPT': '(ros)', 'XMODIFIERS': '@im=ibus', 'XDG_SESSION_DESKTOP': 'ubuntu', 'XAUTHORITY': '/run/user/1000/gdm/Xauthority', 'LS_COLORS': 'rs=0:di=01;34:ln=01;36:mh=00:pi=40;33:so=01;35:do=01;35:bd=40;33;01:cd=40;33;01:or=40;31;01:mi=00:su=37;41:sg=30;43:ca=00:tw=30;42:ow=34;42:st=37;44:ex=01;32:*.tar=01;31:*.tgz=01;31:*.arc=01;31:*.arj=01;31:*.taz=01;31:*.lha=01;31:*.lz4=01;31:*.lzh=01;31:*.lzma=01;31:*.tlz=01;31:*.txz=01;31:*.tzo=01;31:*.t7z=01;31:*.zip=01;31:*.z=01;31:*.dz=01;31:*.gz=01;31:*.lrz=01;31:*.lz=01;31:*.lzo=01;31:*.xz=01;31:*.zst=01;31:*.tzst=01;31:*.bz2=01;31:*.bz=01;31:*.tbz=01;31:*.tbz2=01;31:*.tz=01;31:*.deb=01;31:*.rpm=01;31:*.jar=01;31:*.war=01;31:*.ear=01;31:*.sar=01;31:*.rar=01;31:*.alz=01;31:*.ace=01;31:*.zoo=01;31:*.cpio=01;31:*.7z=01;31:*.rz=01;31:*.cab=01;31:*.wim=01;31:*.swm=01;31:*.dwm=01;31:*.esd=01;31:*.avif=01;35:*.jpg=01;35:*.jpeg=01;35:*.mjpg=01;35:*.mjpeg=01;35:*.gif=01;35:*.bmp=01;35:*.pbm=01;35:*.pgm=01;35:*.ppm=01;35:*.tga=01;35:*.xbm=01;35:*.xpm=01;35:*.tif=01;35:*.tiff=01;35:*.png=01;35:*.svg=01;35:*.svgz=01;35:*.mng=01;35:*.pcx=01;35:*.mov=01;35:*.mpg=01;35:*.mpeg=01;35:*.m2v=01;35:*.mkv=01;35:*.webm=01;35:*.webp=01;35:*.ogm=01;35:*.mp4=01;35:*.m4v=01;35:*.mp4v=01;35:*.vob=01;35:*.qt=01;35:*.nuv=01;35:*.wmv=01;35:*.asf=01;35:*.rm=01;35:*.rmvb=01;35:*.flc=01;35:*.avi=01;35:*.fli=01;35:*.flv=01;35:*.gl=01;35:*.dl=01;35:*.xcf=01;35:*.xwd=01;35:*.yuv=01;35:*.cgm=01;35:*.emf=01;35:*.ogv=01;35:*.ogx=01;35:*.aac=00;36:*.au=00;36:*.flac=00;36:*.m4a=00;36:*.mid=00;36:*.midi=00;36:*.mka=00;36:*.mp3=00;36:*.mpc=00;36:*.ogg=00;36:*.ra=00;36:*.wav=00;36:*.oga=00;36:*.opus=00;36:*.spx=00;36:*.xspf=00;36:*~=00;90:*#=00;90:*.bak=00;90:*.crdownload=00;90:*.dpkg-dist=00;90:*.dpkg-new=00;90:*.dpkg-old=00;90:*.dpkg-tmp=00;90:*.old=00;90:*.orig=00;90:*.part=00;90:*.rej=00;90:*.rpmnew=00;90:*.rpmorig=00;90:*.rpmsave=00;90:*.swp=00;90:*.tmp=00;90:*.ucf-dist=00;90:*.ucf-new=00;90:*.ucf-old=00;90:', 'VSCODE_GIT_IPC_HANDLE': '/run/user/1000/vscode-git-d53cea2ef5.sock', 'TERM_PROGRAM': 'vscode', 'SSH_AUTH_SOCK': '/run/user/1000/keyring/ssh', 'ROS_DOMAIN_ID': '07', 'AMENT_PREFIX_PATH': '/home/tm/dev_ws/ros_c++/install/my_first_package_msgs:/home/tm/dev_ws/ros_c++/install/my_first_package:/opt/ros/jazzy', 'ORIGINAL_XDG_CURRENT_DESKTOP': 'ubuntu:GNOME', 'SHELL': '/bin/bash', 'LC_NAME': 'en_US.UTF-8', 'TERMINATOR_UUID': 'urn:uuid:c9ecbc80-1e29-462c-bd49-f35458b546be', 'QT_ACCESSIBILITY': '1', 'GDMSESSION': 'ubuntu', 'LESSCLOSE': '/usr/bin/lesspipe %s %s', 'LC_MEASUREMENT': 'en_US.UTF-8', 'GPG_AGENT_INFO': '/run/user/1000/gnupg/S.gpg-agent:0:1', 'GJS_DEBUG_OUTPUT': 'stderr', 'LC_IDENTIFICATION': 'en_US.UTF-8', 'VIRTUAL_ENV': '/home/tm/venv/ros', 'ROS_AUTOMATIC_DISCOVERY_RANGE': 'SUBNET', 'VSCODE_GIT_ASKPASS_EXTRA_ARGS': '', 'QT_IM_MODULE': 'ibus', 'PWD': '/home/tm/dev_ws/ros_c++/build/my_first_package', 'LC_ALL': 'en_US.UTF-8', 'XDG_CONFIG_DIRS': '/etc/xdg/xdg-ubuntu:/etc/xdg', 'XDG_DATA_DIRS': '/usr/share/ubuntu:/usr/share/gnome:/usr/local/share/:/usr/share/:/var/lib/snapd/desktop', 'QTWEBENGINE_DICTIONARIES_PATH': '/usr/share/hunspell-bdic/', 'PYTHONPATH': '/home/tm/dev_ws/ros_c++/install/my_first_package_msgs/lib/python3.12/site-packages:/opt/ros/jazzy/lib/python3.12/site-packages', 'LC_NUMERIC': 'en_US.UTF-8', 'LC_PAPER': 'en_US.UTF-8', 'COLCON': '1', 'MEMORY_PRESSURE_WRITE': 'c29tZSAyMDAwMDAgMjAwMDAwMAA=', 'VTE_VERSION': '7600', 'CMAKE_PREFIX_PATH': '/home/tm/dev_ws/ros_c++/install/my_first_package_msgs:/home/tm/dev_ws/ros_c++/install/my_first_package:/opt/ros/jazzy/opt/sdformat_vendor:/opt/ros/jazzy/opt/gz_math_vendor:/opt/ros/jazzy/opt/gz_utils_vendor:/opt/ros/jazzy/opt/gz_tools_vendor:/opt/ros/jazzy/opt/gz_cmake_vendor:/opt/ros/jazzy'}), 'shell': False}
[0.011133] (my_first_package_msgs) JobProgress: {'identifier': 'my_first_package_msgs', 'progress': 'cmake'}
[0.011617] (my_first_package_msgs) Command: {'cmd': ['/usr/bin/cmake', '/home/tm/dev_ws/ros_c++/src/my_first_package_msgs', '-DCMAKE_INSTALL_PREFIX=/home/tm/dev_ws/ros_c++/install/my_first_package_msgs'], 'cwd': '/home/tm/dev_ws/ros_c++/build/my_first_package_msgs', 'env': OrderedDict({'GJS_DEBUG_TOPICS': 'JS ERROR;JS LOG', 'LESSOPEN': '| /usr/bin/lesspipe %s', 'USER': 'tm', 'LC_TIME': 'en_US.UTF-8', 'GZ_CONFIG_PATH': '/opt/ros/jazzy/opt/sdformat_vendor/share/gz', 'XDG_SESSION_TYPE': 'x11', 'GIT_ASKPASS': '/usr/share/code/resources/app/extensions/git/dist/askpass.sh', 'CLUTTER_DISABLE_MIPMAPPED_TEXT': '1', 'SHLVL': '2', 'LD_LIBRARY_PATH': '/home/tm/dev_ws/ros_c++/install/my_first_package_msgs/lib:/opt/ros/jazzy/opt/sdformat_vendor/lib:/opt/ros/jazzy/opt/rviz_ogre_vendor/lib:/opt/ros/jazzy/lib/x86_64-linux-gnu:/opt/ros/jazzy/opt/gz_math_vendor/lib:/opt/ros/jazzy/opt/gz_utils_vendor/lib:/opt/ros/jazzy/opt/gz_tools_vendor/lib:/opt/ros/jazzy/opt/gz_cmake_vendor/lib:/opt/ros/jazzy/lib', 'HOME': '/home/tm', 'CHROME_DESKTOP': 'code.desktop', 'TERM_PROGRAM_VERSION': '1.99.2', 'DESKTOP_SESSION': 'ubuntu', 'GIO_LAUNCHED_DESKTOP_FILE': '/usr/share/applications/terminator.desktop', 'ROS_PYTHON_VERSION': '3', 'GNOME_SHELL_SESSION_MODE': 'ubuntu', 'GTK_MODULES': 'gail:atk-bridge', 'VSCODE_GIT_ASKPASS_MAIN': '/usr/share/code/resources/app/extensions/git/dist/askpass-main.js', 'PS1': '\\[\x1b]633;A\x07\\](ros) \\[\x1b]633;A\x07\\]\\[\\e[1;34m\\](ID: ${ROS_DOMAIN_ID:-0})\\[\\e[1;32m\\]\\u\\[\\e[0m\\]:\\[\\e[1;34m\\]\\w\\[\\e[0m\\]$ \\[\x1b]633;B\x07\\]\\[\x1b]633;B\x07\\]', 'LC_MONETARY': 'en_US.UTF-8', 'VSCODE_GIT_ASKPASS_NODE': '/usr/share/code/code', 'MANAGERPID': '2401', 'SYSTEMD_EXEC_PID': '2847', 'GSM_SKIP_SSH_AGENT_WORKAROUND': 'true', 'DBUS_SESSION_BUS_ADDRESS': 'unix:path=/run/user/1000/bus', 'COLORTERM': 'truecolor', 'TERMINATOR_DBUS_NAME': 'net.tenshu.Terminator23558193cd9818af7fe4d2c2f5bd9d00f', 'GIO_LAUNCHED_DESKTOP_FILE_PID': '3572', 'DEBUGINFOD_URLS': 'https://debuginfod.ubuntu.com', 'COLCON_PREFIX_PATH': '/home/tm/dev_ws/ros_c++/install', 'ROS_DISTRO': 'jazzy', 'LOGNAME': 'tm', 'JOURNAL_STREAM': '9:19830', '_': '/usr/bin/colcon', 'ROS_VERSION': '2', 'MEMORY_PRESSURE_WATCH': '/sys/fs/cgroup/user.slice/user-1000.slice/user@1000.service/session.slice/org.gnome.Shell@x11.service/memory.pressure', 'XDG_SESSION_CLASS': 'user', 'USERNAME': 'tm', 'TERM': 'xterm-256color', 'GNOME_DESKTOP_SESSION_ID': 'this-is-deprecated', 'ROS_LOCALHOST_ONLY': '1', 'WINDOWPATH': '2', 'PATH': '/home/tm/venv/ros/bin:/opt/ros/jazzy/opt/gz_tools_vendor/bin:/opt/ros/jazzy/bin:/home/tm/venv/ros/bin:/home/tm/.local/bin:/usr/local/sbin:/usr/local/bin:/usr/sbin:/usr/bin:/sbin:/bin:/usr/games:/usr/local/games:/snap/bin:/snap/bin', 'SESSION_MANAGER': 'local/tm-GF65-Thin-10UE:@/tmp/.ICE-unix/2802,unix/tm-GF65-Thin-10UE:/tmp/.ICE-unix/2802', 'INVOCATION_ID': '0276fcb0caae4839add7e45e8113f0ee', 'PAPERSIZE': 'letter', 'XDG_MENU_PREFIX': 'gnome-', 'LC_ADDRESS': 'en_US.UTF-8', 'XDG_RUNTIME_DIR': '/run/user/1000', 'GDK_BACKEND': 'x11', 'DISPLAY': ':1', 'TERMINATOR_DBUS_PATH': '/net/tenshu/Terminator2', 'LANG': 'en_US.UTF-8', 'XDG_CURRENT_DESKTOP': 'Unity', 'LC_TELEPHONE': 'en_US.UTF-8', 'VIRTUAL_ENV_PROMPT': '(ros)', 'XMODIFIERS': '@im=ibus', 'XDG_SESSION_DESKTOP': 'ubuntu', 'XAUTHORITY': '/run/user/1000/gdm/Xauthority', 'LS_COLORS': 'rs=0:di=01;34:ln=01;36:mh=00:pi=40;33:so=01;35:do=01;35:bd=40;33;01:cd=40;33;01:or=40;31;01:mi=00:su=37;41:sg=30;43:ca=00:tw=30;42:ow=34;42:st=37;44:ex=01;32:*.tar=01;31:*.tgz=01;31:*.arc=01;31:*.arj=01;31:*.taz=01;31:*.lha=01;31:*.lz4=01;31:*.lzh=01;31:*.lzma=01;31:*.tlz=01;31:*.txz=01;31:*.tzo=01;31:*.t7z=01;31:*.zip=01;31:*.z=01;31:*.dz=01;31:*.gz=01;31:*.lrz=01;31:*.lz=01;31:*.lzo=01;31:*.xz=01;31:*.zst=01;31:*.tzst=01;31:*.bz2=01;31:*.bz=01;31:*.tbz=01;31:*.tbz2=01;31:*.tz=01;31:*.deb=01;31:*.rpm=01;31:*.jar=01;31:*.war=01;31:*.ear=01;31:*.sar=01;31:*.rar=01;31:*.alz=01;31:*.ace=01;31:*.zoo=01;31:*.cpio=01;31:*.7z=01;31:*.rz=01;31:*.cab=01;31:*.wim=01;31:*.swm=01;31:*.dwm=01;31:*.esd=01;31:*.avif=01;35:*.jpg=01;35:*.jpeg=01;35:*.mjpg=01;35:*.mjpeg=01;35:*.gif=01;35:*.bmp=01;35:*.pbm=01;35:*.pgm=01;35:*.ppm=01;35:*.tga=01;35:*.xbm=01;35:*.xpm=01;35:*.tif=01;35:*.tiff=01;35:*.png=01;35:*.svg=01;35:*.svgz=01;35:*.mng=01;35:*.pcx=01;35:*.mov=01;35:*.mpg=01;35:*.mpeg=01;35:*.m2v=01;35:*.mkv=01;35:*.webm=01;35:*.webp=01;35:*.ogm=01;35:*.mp4=01;35:*.m4v=01;35:*.mp4v=01;35:*.vob=01;35:*.qt=01;35:*.nuv=01;35:*.wmv=01;35:*.asf=01;35:*.rm=01;35:*.rmvb=01;35:*.flc=01;35:*.avi=01;35:*.fli=01;35:*.flv=01;35:*.gl=01;35:*.dl=01;35:*.xcf=01;35:*.xwd=01;35:*.yuv=01;35:*.cgm=01;35:*.emf=01;35:*.ogv=01;35:*.ogx=01;35:*.aac=00;36:*.au=00;36:*.flac=00;36:*.m4a=00;36:*.mid=00;36:*.midi=00;36:*.mka=00;36:*.mp3=00;36:*.mpc=00;36:*.ogg=00;36:*.ra=00;36:*.wav=00;36:*.oga=00;36:*.opus=00;36:*.spx=00;36:*.xspf=00;36:*~=00;90:*#=00;90:*.bak=00;90:*.crdownload=00;90:*.dpkg-dist=00;90:*.dpkg-new=00;90:*.dpkg-old=00;90:*.dpkg-tmp=00;90:*.old=00;90:*.orig=00;90:*.part=00;90:*.rej=00;90:*.rpmnew=00;90:*.rpmorig=00;90:*.rpmsave=00;90:*.swp=00;90:*.tmp=00;90:*.ucf-dist=00;90:*.ucf-new=00;90:*.ucf-old=00;90:', 'VSCODE_GIT_IPC_HANDLE': '/run/user/1000/vscode-git-d53cea2ef5.sock', 'TERM_PROGRAM': 'vscode', 'SSH_AUTH_SOCK': '/run/user/1000/keyring/ssh', 'ROS_DOMAIN_ID': '07', 'AMENT_PREFIX_PATH': '/home/tm/dev_ws/ros_c++/install/my_first_package_msgs:/home/tm/dev_ws/ros_c++/install/my_first_package:/opt/ros/jazzy', 'ORIGINAL_XDG_CURRENT_DESKTOP': 'ubuntu:GNOME', 'SHELL': '/bin/bash', 'LC_NAME': 'en_US.UTF-8', 'TERMINATOR_UUID': 'urn:uuid:c9ecbc80-1e29-462c-bd49-f35458b546be', 'QT_ACCESSIBILITY': '1', 'GDMSESSION': 'ubuntu', 'LESSCLOSE': '/usr/bin/lesspipe %s %s', 'LC_MEASUREMENT': 'en_US.UTF-8', 'GPG_AGENT_INFO': '/run/user/1000/gnupg/S.gpg-agent:0:1', 'GJS_DEBUG_OUTPUT': 'stderr', 'LC_IDENTIFICATION': 'en_US.UTF-8', 'VIRTUAL_ENV': '/home/tm/venv/ros', 'ROS_AUTOMATIC_DISCOVERY_RANGE': 'SUBNET', 'VSCODE_GIT_ASKPASS_EXTRA_ARGS': '', 'QT_IM_MODULE': 'ibus', 'PWD': '/home/tm/dev_ws/ros_c++/build/my_first_package_msgs', 'LC_ALL': 'en_US.UTF-8', 'XDG_CONFIG_DIRS': '/etc/xdg/xdg-ubuntu:/etc/xdg', 'XDG_DATA_DIRS': '/usr/share/ubuntu:/usr/share/gnome:/usr/local/share/:/usr/share/:/var/lib/snapd/desktop', 'QTWEBENGINE_DICTIONARIES_PATH': '/usr/share/hunspell-bdic/', 'PYTHONPATH': '/home/tm/dev_ws/ros_c++/install/my_first_package_msgs/lib/python3.12/site-packages:/opt/ros/jazzy/lib/python3.12/site-packages', 'LC_NUMERIC': 'en_US.UTF-8', 'LC_PAPER': 'en_US.UTF-8', 'COLCON': '1', 'MEMORY_PRESSURE_WRITE': 'c29tZSAyMDAwMDAgMjAwMDAwMAA=', 'VTE_VERSION': '7600', 'CMAKE_PREFIX_PATH': '/home/tm/dev_ws/ros_c++/install/my_first_package_msgs:/home/tm/dev_ws/ros_c++/install/my_first_package:/opt/ros/jazzy/opt/sdformat_vendor:/opt/ros/jazzy/opt/gz_math_vendor:/opt/ros/jazzy/opt/gz_utils_vendor:/opt/ros/jazzy/opt/gz_tools_vendor:/opt/ros/jazzy/opt/gz_cmake_vendor:/opt/ros/jazzy'}), 'shell': False}
[0.054398] (my_first_package_msgs) StdoutLine: {'line': b'-- The C compiler identification is GNU 13.3.0\n'}
[0.054807] (my_first_package) StdoutLine: {'line': b'-- The C compiler identification is GNU 13.3.0\n'}
[0.097504] (my_first_package) StdoutLine: {'line': b'-- The CXX compiler identification is GNU 13.3.0\n'}
[0.097735] (my_first_package_msgs) StdoutLine: {'line': b'-- The CXX compiler identification is GNU 13.3.0\n'}
[0.099878] (-) TimerEvent: {}
[0.110155] (my_first_package_msgs) StdoutLine: {'line': b'-- Detecting C compiler ABI info\n'}
[0.110351] (my_first_package) StdoutLine: {'line': b'-- Detecting C compiler ABI info\n'}
[0.176646] (my_first_package_msgs) StdoutLine: {'line': b'-- Detecting C compiler ABI info - done\n'}
[0.177411] (my_first_package) StdoutLine: {'line': b'-- Detecting C compiler ABI info - done\n'}
[0.184666] (my_first_package_msgs) StdoutLine: {'line': b'-- Check for working C compiler: /usr/bin/cc - skipped\n'}
[0.184867] (my_first_package_msgs) StdoutLine: {'line': b'-- Detecting C compile features\n'}
[0.185170] (my_first_package_msgs) StdoutLine: {'line': b'-- Detecting C compile features - done\n'}
[0.185539] (my_first_package) StdoutLine: {'line': b'-- Check for working C compiler: /usr/bin/cc - skipped\n'}
[0.185741] (my_first_package) StdoutLine: {'line': b'-- Detecting C compile features\n'}
[0.186033] (my_first_package) StdoutLine: {'line': b'-- Detecting C compile features - done\n'}
[0.191719] (my_first_package_msgs) StdoutLine: {'line': b'-- Detecting CXX compiler ABI info\n'}
[0.192244] (my_first_package) StdoutLine: {'line': b'-- Detecting CXX compiler ABI info\n'}
[0.199958] (-) TimerEvent: {}
[0.266954] (my_first_package_msgs) StdoutLine: {'line': b'-- Detecting CXX compiler ABI info - done\n'}
[0.267320] (my_first_package) StdoutLine: {'line': b'-- Detecting CXX compiler ABI info - done\n'}
[0.275465] (my_first_package_msgs) StdoutLine: {'line': b'-- Check for working CXX compiler: /usr/bin/c++ - skipped\n'}
[0.275631] (my_first_package_msgs) StdoutLine: {'line': b'-- Detecting CXX compile features\n'}
[0.275857] (my_first_package) StdoutLine: {'line': b'-- Check for working CXX compiler: /usr/bin/c++ - skipped\n'}
[0.276035] (my_first_package_msgs) StdoutLine: {'line': b'-- Detecting CXX compile features - done\n'}
[0.276126] (my_first_package) StdoutLine: {'line': b'-- Detecting CXX compile features\n'}
[0.276522] (my_first_package) StdoutLine: {'line': b'-- Detecting CXX compile features - done\n'}
[0.277893] (my_first_package_msgs) StdoutLine: {'line': b'-- Found ament_cmake: 2.5.3 (/opt/ros/jazzy/share/ament_cmake/cmake)\n'}
[0.278230] (my_first_package) StdoutLine: {'line': b'-- Found ament_cmake: 2.5.3 (/opt/ros/jazzy/share/ament_cmake/cmake)\n'}
[0.300064] (-) TimerEvent: {}
[0.370732] (my_first_package) StdoutLine: {'line': b'-- Found Python3: /home/tm/venv/ros/bin/python3 (found version "3.12.3") found components: Interpreter \n'}
[0.370967] (my_first_package_msgs) StdoutLine: {'line': b'-- Found Python3: /home/tm/venv/ros/bin/python3 (found version "3.12.3") found components: Interpreter \n'}
[0.400178] (-) TimerEvent: {}
[0.460037] (my_first_package) StdoutLine: {'line': b'-- Found rclcpp: 28.1.8 (/opt/ros/jazzy/share/rclcpp/cmake)\n'}
[0.463777] (my_first_package_msgs) StdoutLine: {'line': b'-- Found rosidl_default_generators: 1.6.0 (/opt/ros/jazzy/share/rosidl_default_generators/cmake)\n'}
[0.467771] (my_first_package_msgs) StdoutLine: {'line': b'-- Using all available rosidl_typesupport_c: rosidl_typesupport_fastrtps_c;rosidl_typesupport_introspection_c\n'}
[0.492940] (my_first_package) StdoutLine: {'line': b'-- Found rosidl_generator_c: 4.6.5 (/opt/ros/jazzy/share/rosidl_generator_c/cmake)\n'}
[0.500308] (-) TimerEvent: {}
[0.504395] (my_first_package) StdoutLine: {'line': b'-- Found rosidl_generator_cpp: 4.6.5 (/opt/ros/jazzy/share/rosidl_generator_cpp/cmake)\n'}
[0.510969] (my_first_package_msgs) StdoutLine: {'line': b'-- Using all available rosidl_typesupport_cpp: rosidl_typesupport_fastrtps_cpp;rosidl_typesupport_introspection_cpp\n'}
[0.520716] (my_first_package) StdoutLine: {'line': b'-- Using all available rosidl_typesupport_c: rosidl_typesupport_fastrtps_c;rosidl_typesupport_introspection_c\n'}
[0.536106] (my_first_package) StdoutLine: {'line': b'-- Using all available rosidl_typesupport_cpp: rosidl_typesupport_fastrtps_cpp;rosidl_typesupport_introspection_cpp\n'}
[0.547659] (my_first_package_msgs) StdoutLine: {'line': b'-- Found rosidl_adapter: 4.6.5 (/opt/ros/jazzy/share/rosidl_adapter/cmake)\n'}
[0.600387] (-) TimerEvent: {}
[0.603438] (my_first_package) StdoutLine: {'line': b'-- Found rmw_implementation_cmake: 7.3.2 (/opt/ros/jazzy/share/rmw_implementation_cmake/cmake)\n'}
[0.605729] (my_first_package) StdoutLine: {'line': b'-- Found rmw_fastrtps_cpp: 8.4.2 (/opt/ros/jazzy/share/rmw_fastrtps_cpp/cmake)\n'}
[0.684954] (my_first_package) StdoutLine: {'line': b'-- Found OpenSSL: /usr/lib/x86_64-linux-gnu/libcrypto.so (found version "3.0.13")  \n'}
[0.700497] (-) TimerEvent: {}
[0.701728] (my_first_package) StdoutLine: {'line': b'-- Found FastRTPS: /opt/ros/jazzy/include (Required is at least version "2.13") \n'}
[0.726875] (my_first_package) StdoutLine: {'line': b"-- Using RMW implementation 'rmw_fastrtps_cpp' as default\n"}
[0.793384] (my_first_package) StdoutLine: {'line': b'-- Found std_msgs: 5.3.6 (/opt/ros/jazzy/share/std_msgs/cmake)\n'}
[0.800579] (-) TimerEvent: {}
[0.806910] (my_first_package) StdoutLine: {'line': b'-- Found example_interfaces: 0.12.0 (/opt/ros/jazzy/share/example_interfaces/cmake)\n'}
[0.859767] (my_first_package) StdoutLine: {'line': b'-- Found turtlesim: 1.8.3 (/opt/ros/jazzy/share/turtlesim/cmake)\n'}
[0.879016] (my_first_package) StdoutLine: {'line': b'-- Found geometry_msgs: 5.3.6 (/opt/ros/jazzy/share/geometry_msgs/cmake)\n'}
[0.900700] (-) TimerEvent: {}
[0.966628] (my_first_package_msgs) StdoutLine: {'line': b'-- Found ament_cmake_ros: 0.12.0 (/opt/ros/jazzy/share/ament_cmake_ros/cmake)\n'}
[0.976012] (my_first_package) StdoutLine: {'line': b'-- Configuring done (1.0s)\n'}
[1.000786] (-) TimerEvent: {}
[1.001427] (my_first_package) StdoutLine: {'line': b'-- Generating done (0.0s)\n'}
[1.013414] (my_first_package) StdoutLine: {'line': b'-- Build files have been written to: /home/tm/dev_ws/ros_c++/build/my_first_package\n'}
[1.026740] (my_first_package) CommandEnded: {'returncode': 0}
[1.027687] (my_first_package) JobProgress: {'identifier': 'my_first_package', 'progress': 'build'}
[1.027708] (my_first_package) Command: {'cmd': ['/usr/bin/cmake', '--build', '/home/tm/dev_ws/ros_c++/build/my_first_package', '--', '-j12', '-l12'], 'cwd': '/home/tm/dev_ws/ros_c++/build/my_first_package', 'env': OrderedDict({'GJS_DEBUG_TOPICS': 'JS ERROR;JS LOG', 'LESSOPEN': '| /usr/bin/lesspipe %s', 'USER': 'tm', 'LC_TIME': 'en_US.UTF-8', 'GZ_CONFIG_PATH': '/opt/ros/jazzy/opt/sdformat_vendor/share/gz', 'XDG_SESSION_TYPE': 'x11', 'GIT_ASKPASS': '/usr/share/code/resources/app/extensions/git/dist/askpass.sh', 'CLUTTER_DISABLE_MIPMAPPED_TEXT': '1', 'SHLVL': '2', 'LD_LIBRARY_PATH': '/home/tm/dev_ws/ros_c++/install/my_first_package_msgs/lib:/opt/ros/jazzy/opt/sdformat_vendor/lib:/opt/ros/jazzy/opt/rviz_ogre_vendor/lib:/opt/ros/jazzy/lib/x86_64-linux-gnu:/opt/ros/jazzy/opt/gz_math_vendor/lib:/opt/ros/jazzy/opt/gz_utils_vendor/lib:/opt/ros/jazzy/opt/gz_tools_vendor/lib:/opt/ros/jazzy/opt/gz_cmake_vendor/lib:/opt/ros/jazzy/lib', 'HOME': '/home/tm', 'CHROME_DESKTOP': 'code.desktop', 'TERM_PROGRAM_VERSION': '1.99.2', 'DESKTOP_SESSION': 'ubuntu', 'GIO_LAUNCHED_DESKTOP_FILE': '/usr/share/applications/terminator.desktop', 'ROS_PYTHON_VERSION': '3', 'GNOME_SHELL_SESSION_MODE': 'ubuntu', 'GTK_MODULES': 'gail:atk-bridge', 'VSCODE_GIT_ASKPASS_MAIN': '/usr/share/code/resources/app/extensions/git/dist/askpass-main.js', 'PS1': '\\[\x1b]633;A\x07\\](ros) \\[\x1b]633;A\x07\\]\\[\\e[1;34m\\](ID: ${ROS_DOMAIN_ID:-0})\\[\\e[1;32m\\]\\u\\[\\e[0m\\]:\\[\\e[1;34m\\]\\w\\[\\e[0m\\]$ \\[\x1b]633;B\x07\\]\\[\x1b]633;B\x07\\]', 'LC_MONETARY': 'en_US.UTF-8', 'VSCODE_GIT_ASKPASS_NODE': '/usr/share/code/code', 'MANAGERPID': '2401', 'SYSTEMD_EXEC_PID': '2847', 'GSM_SKIP_SSH_AGENT_WORKAROUND': 'true', 'DBUS_SESSION_BUS_ADDRESS': 'unix:path=/run/user/1000/bus', 'COLORTERM': 'truecolor', 'TERMINATOR_DBUS_NAME': 'net.tenshu.Terminator23558193cd9818af7fe4d2c2f5bd9d00f', 'GIO_LAUNCHED_DESKTOP_FILE_PID': '3572', 'DEBUGINFOD_URLS': 'https://debuginfod.ubuntu.com', 'COLCON_PREFIX_PATH': '/home/tm/dev_ws/ros_c++/install', 'ROS_DISTRO': 'jazzy', 'LOGNAME': 'tm', 'JOURNAL_STREAM': '9:19830', '_': '/usr/bin/colcon', 'ROS_VERSION': '2', 'MEMORY_PRESSURE_WATCH': '/sys/fs/cgroup/user.slice/user-1000.slice/user@1000.service/session.slice/org.gnome.Shell@x11.service/memory.pressure', 'XDG_SESSION_CLASS': 'user', 'USERNAME': 'tm', 'TERM': 'xterm-256color', 'GNOME_DESKTOP_SESSION_ID': 'this-is-deprecated', 'ROS_LOCALHOST_ONLY': '1', 'WINDOWPATH': '2', 'PATH': '/home/tm/venv/ros/bin:/opt/ros/jazzy/opt/gz_tools_vendor/bin:/opt/ros/jazzy/bin:/home/tm/venv/ros/bin:/home/tm/.local/bin:/usr/local/sbin:/usr/local/bin:/usr/sbin:/usr/bin:/sbin:/bin:/usr/games:/usr/local/games:/snap/bin:/snap/bin', 'SESSION_MANAGER': 'local/tm-GF65-Thin-10UE:@/tmp/.ICE-unix/2802,unix/tm-GF65-Thin-10UE:/tmp/.ICE-unix/2802', 'INVOCATION_ID': '0276fcb0caae4839add7e45e8113f0ee', 'PAPERSIZE': 'letter', 'XDG_MENU_PREFIX': 'gnome-', 'LC_ADDRESS': 'en_US.UTF-8', 'XDG_RUNTIME_DIR': '/run/user/1000', 'GDK_BACKEND': 'x11', 'DISPLAY': ':1', 'TERMINATOR_DBUS_PATH': '/net/tenshu/Terminator2', 'LANG': 'en_US.UTF-8', 'XDG_CURRENT_DESKTOP': 'Unity', 'LC_TELEPHONE': 'en_US.UTF-8', 'VIRTUAL_ENV_PROMPT': '(ros)', 'XMODIFIERS': '@im=ibus', 'XDG_SESSION_DESKTOP': 'ubuntu', 'XAUTHORITY': '/run/user/1000/gdm/Xauthority', 'LS_COLORS': 'rs=0:di=01;34:ln=01;36:mh=00:pi=40;33:so=01;35:do=01;35:bd=40;33;01:cd=40;33;01:or=40;31;01:mi=00:su=37;41:sg=30;43:ca=00:tw=30;42:ow=34;42:st=37;44:ex=01;32:*.tar=01;31:*.tgz=01;31:*.arc=01;31:*.arj=01;31:*.taz=01;31:*.lha=01;31:*.lz4=01;31:*.lzh=01;31:*.lzma=01;31:*.tlz=01;31:*.txz=01;31:*.tzo=01;31:*.t7z=01;31:*.zip=01;31:*.z=01;31:*.dz=01;31:*.gz=01;31:*.lrz=01;31:*.lz=01;31:*.lzo=01;31:*.xz=01;31:*.zst=01;31:*.tzst=01;31:*.bz2=01;31:*.bz=01;31:*.tbz=01;31:*.tbz2=01;31:*.tz=01;31:*.deb=01;31:*.rpm=01;31:*.jar=01;31:*.war=01;31:*.ear=01;31:*.sar=01;31:*.rar=01;31:*.alz=01;31:*.ace=01;31:*.zoo=01;31:*.cpio=01;31:*.7z=01;31:*.rz=01;31:*.cab=01;31:*.wim=01;31:*.swm=01;31:*.dwm=01;31:*.esd=01;31:*.avif=01;35:*.jpg=01;35:*.jpeg=01;35:*.mjpg=01;35:*.mjpeg=01;35:*.gif=01;35:*.bmp=01;35:*.pbm=01;35:*.pgm=01;35:*.ppm=01;35:*.tga=01;35:*.xbm=01;35:*.xpm=01;35:*.tif=01;35:*.tiff=01;35:*.png=01;35:*.svg=01;35:*.svgz=01;35:*.mng=01;35:*.pcx=01;35:*.mov=01;35:*.mpg=01;35:*.mpeg=01;35:*.m2v=01;35:*.mkv=01;35:*.webm=01;35:*.webp=01;35:*.ogm=01;35:*.mp4=01;35:*.m4v=01;35:*.mp4v=01;35:*.vob=01;35:*.qt=01;35:*.nuv=01;35:*.wmv=01;35:*.asf=01;35:*.rm=01;35:*.rmvb=01;35:*.flc=01;35:*.avi=01;35:*.fli=01;35:*.flv=01;35:*.gl=01;35:*.dl=01;35:*.xcf=01;35:*.xwd=01;35:*.yuv=01;35:*.cgm=01;35:*.emf=01;35:*.ogv=01;35:*.ogx=01;35:*.aac=00;36:*.au=00;36:*.flac=00;36:*.m4a=00;36:*.mid=00;36:*.midi=00;36:*.mka=00;36:*.mp3=00;36:*.mpc=00;36:*.ogg=00;36:*.ra=00;36:*.wav=00;36:*.oga=00;36:*.opus=00;36:*.spx=00;36:*.xspf=00;36:*~=00;90:*#=00;90:*.bak=00;90:*.crdownload=00;90:*.dpkg-dist=00;90:*.dpkg-new=00;90:*.dpkg-old=00;90:*.dpkg-tmp=00;90:*.old=00;90:*.orig=00;90:*.part=00;90:*.rej=00;90:*.rpmnew=00;90:*.rpmorig=00;90:*.rpmsave=00;90:*.swp=00;90:*.tmp=00;90:*.ucf-dist=00;90:*.ucf-new=00;90:*.ucf-old=00;90:', 'VSCODE_GIT_IPC_HANDLE': '/run/user/1000/vscode-git-d53cea2ef5.sock', 'TERM_PROGRAM': 'vscode', 'SSH_AUTH_SOCK': '/run/user/1000/keyring/ssh', 'ROS_DOMAIN_ID': '07', 'AMENT_PREFIX_PATH': '/home/tm/dev_ws/ros_c++/install/my_first_package_msgs:/home/tm/dev_ws/ros_c++/install/my_first_package:/opt/ros/jazzy', 'ORIGINAL_XDG_CURRENT_DESKTOP': 'ubuntu:GNOME', 'SHELL': '/bin/bash', 'LC_NAME': 'en_US.UTF-8', 'TERMINATOR_UUID': 'urn:uuid:c9ecbc80-1e29-462c-bd49-f35458b546be', 'QT_ACCESSIBILITY': '1', 'GDMSESSION': 'ubuntu', 'LESSCLOSE': '/usr/bin/lesspipe %s %s', 'LC_MEASUREMENT': 'en_US.UTF-8', 'GPG_AGENT_INFO': '/run/user/1000/gnupg/S.gpg-agent:0:1', 'GJS_DEBUG_OUTPUT': 'stderr', 'LC_IDENTIFICATION': 'en_US.UTF-8', 'VIRTUAL_ENV': '/home/tm/venv/ros', 'ROS_AUTOMATIC_DISCOVERY_RANGE': 'SUBNET', 'VSCODE_GIT_ASKPASS_EXTRA_ARGS': '', 'QT_IM_MODULE': 'ibus', 'PWD': '/home/tm/dev_ws/ros_c++/build/my_first_package', 'LC_ALL': 'en_US.UTF-8', 'XDG_CONFIG_DIRS': '/etc/xdg/xdg-ubuntu:/etc/xdg', 'XDG_DATA_DIRS': '/usr/share/ubuntu:/usr/share/gnome:/usr/local/share/:/usr/share/:/var/lib/snapd/desktop', 'QTWEBENGINE_DICTIONARIES_PATH': '/usr/share/hunspell-bdic/', 'PYTHONPATH': '/home/tm/dev_ws/ros_c++/install/my_first_package_msgs/lib/python3.12/site-packages:/opt/ros/jazzy/lib/python3.12/site-packages', 'LC_NUMERIC': 'en_US.UTF-8', 'LC_PAPER': 'en_US.UTF-8', 'COLCON': '1', 'MEMORY_PRESSURE_WRITE': 'c29tZSAyMDAwMDAgMjAwMDAwMAA=', 'VTE_VERSION': '7600', 'CMAKE_PREFIX_PATH': '/home/tm/dev_ws/ros_c++/install/my_first_package_msgs:/home/tm/dev_ws/ros_c++/install/my_first_package:/opt/ros/jazzy/opt/sdformat_vendor:/opt/ros/jazzy/opt/gz_math_vendor:/opt/ros/jazzy/opt/gz_utils_vendor:/opt/ros/jazzy/opt/gz_tools_vendor:/opt/ros/jazzy/opt/gz_cmake_vendor:/opt/ros/jazzy'}), 'shell': False}
[1.067528] (my_first_package) StdoutLine: {'line': b'[  7%] \x1b[32mBuilding CXX object CMakeFiles/listener.dir/src/subscriber_member_function.cpp.o\x1b[0m\n'}
[1.067835] (my_first_package) StdoutLine: {'line': b'[ 14%] \x1b[32mBuilding CXX object CMakeFiles/server.dir/src/add_two_ints_server.cpp.o\x1b[0m\n'}
[1.069025] (my_first_package) StdoutLine: {'line': b'[ 21%] \x1b[32mBuilding CXX object CMakeFiles/client.dir/src/add_two_ints_client.cpp.o\x1b[0m\n'}
[1.069959] (my_first_package) StdoutLine: {'line': b'[ 28%] \x1b[32mBuilding CXX object CMakeFiles/subscriber.dir/src/my_subscriber.cpp.o\x1b[0m\n'}
[1.070202] (my_first_package) StdoutLine: {'line': b'[ 35%] \x1b[32mBuilding CXX object CMakeFiles/talker.dir/src/publisher_member_function.cpp.o\x1b[0m\n'}
[1.071665] (my_first_package) StdoutLine: {'line': b'[ 50%] \x1b[32mBuilding CXX object CMakeFiles/sub_pose.dir/src/turtle_cmd_and_pose.cpp.o\x1b[0m\n'}
[1.072035] (my_first_package) StdoutLine: {'line': b'[ 50%] \x1b[32mBuilding CXX object CMakeFiles/publisher.dir/src/my_publisher.cpp.o\x1b[0m\n'}
[1.100888] (-) TimerEvent: {}
[1.201191] (-) TimerEvent: {}
[1.301486] (-) TimerEvent: {}
[1.384912] (my_first_package_msgs) StdoutLine: {'line': b'-- Using all available rosidl_typesupport_c: rosidl_typesupport_fastrtps_c;rosidl_typesupport_introspection_c\n'}
[1.401569] (-) TimerEvent: {}
[1.501780] (-) TimerEvent: {}
[1.603170] (-) TimerEvent: {}
[1.703500] (-) TimerEvent: {}
[1.803734] (-) TimerEvent: {}
[1.904044] (-) TimerEvent: {}
[1.929602] (my_first_package_msgs) StdoutLine: {'line': b'-- Using all available rosidl_typesupport_cpp: rosidl_typesupport_fastrtps_cpp;rosidl_typesupport_introspection_cpp\n'}
[1.932023] (my_first_package_msgs) StdoutLine: {'line': b'-- Found python_cmake_module: 0.11.1 (/opt/ros/jazzy/share/python_cmake_module/cmake)\n'}
[2.004153] (-) TimerEvent: {}
[2.056698] (my_first_package_msgs) StdoutLine: {'line': b'-- Found PythonExtra: /home/tm/venv/ros/bin/python3  \n'}
[2.104279] (-) TimerEvent: {}
[2.204599] (-) TimerEvent: {}
[2.304907] (-) TimerEvent: {}
[2.405144] (-) TimerEvent: {}
[2.505445] (-) TimerEvent: {}
[2.605748] (-) TimerEvent: {}
[2.706411] (-) TimerEvent: {}
[2.793240] (my_first_package_msgs) StdoutLine: {'line': b'-- Found Python3: /home/tm/venv/ros/bin/python3 (found version "3.12.3") found components: Interpreter Development NumPy Development.Module Development.Embed \n'}
[2.806505] (-) TimerEvent: {}
[2.842325] (my_first_package_msgs) StdoutLine: {'line': b'-- Configuring done (2.8s)\n'}
[2.890385] (my_first_package_msgs) StdoutLine: {'line': b'-- Generating done (0.0s)\n'}
[2.906618] (-) TimerEvent: {}
[2.907840] (my_first_package_msgs) StdoutLine: {'line': b'-- Build files have been written to: /home/tm/dev_ws/ros_c++/build/my_first_package_msgs\n'}
[2.919703] (my_first_package_msgs) CommandEnded: {'returncode': 0}
[2.921230] (my_first_package_msgs) JobProgress: {'identifier': 'my_first_package_msgs', 'progress': 'build'}
[2.921940] (my_first_package_msgs) Command: {'cmd': ['/usr/bin/cmake', '--build', '/home/tm/dev_ws/ros_c++/build/my_first_package_msgs', '--', '-j12', '-l12'], 'cwd': '/home/tm/dev_ws/ros_c++/build/my_first_package_msgs', 'env': OrderedDict({'GJS_DEBUG_TOPICS': 'JS ERROR;JS LOG', 'LESSOPEN': '| /usr/bin/lesspipe %s', 'USER': 'tm', 'LC_TIME': 'en_US.UTF-8', 'GZ_CONFIG_PATH': '/opt/ros/jazzy/opt/sdformat_vendor/share/gz', 'XDG_SESSION_TYPE': 'x11', 'GIT_ASKPASS': '/usr/share/code/resources/app/extensions/git/dist/askpass.sh', 'CLUTTER_DISABLE_MIPMAPPED_TEXT': '1', 'SHLVL': '2', 'LD_LIBRARY_PATH': '/home/tm/dev_ws/ros_c++/install/my_first_package_msgs/lib:/opt/ros/jazzy/opt/sdformat_vendor/lib:/opt/ros/jazzy/opt/rviz_ogre_vendor/lib:/opt/ros/jazzy/lib/x86_64-linux-gnu:/opt/ros/jazzy/opt/gz_math_vendor/lib:/opt/ros/jazzy/opt/gz_utils_vendor/lib:/opt/ros/jazzy/opt/gz_tools_vendor/lib:/opt/ros/jazzy/opt/gz_cmake_vendor/lib:/opt/ros/jazzy/lib', 'HOME': '/home/tm', 'CHROME_DESKTOP': 'code.desktop', 'TERM_PROGRAM_VERSION': '1.99.2', 'DESKTOP_SESSION': 'ubuntu', 'GIO_LAUNCHED_DESKTOP_FILE': '/usr/share/applications/terminator.desktop', 'ROS_PYTHON_VERSION': '3', 'GNOME_SHELL_SESSION_MODE': 'ubuntu', 'GTK_MODULES': 'gail:atk-bridge', 'VSCODE_GIT_ASKPASS_MAIN': '/usr/share/code/resources/app/extensions/git/dist/askpass-main.js', 'PS1': '\\[\x1b]633;A\x07\\](ros) \\[\x1b]633;A\x07\\]\\[\\e[1;34m\\](ID: ${ROS_DOMAIN_ID:-0})\\[\\e[1;32m\\]\\u\\[\\e[0m\\]:\\[\\e[1;34m\\]\\w\\[\\e[0m\\]$ \\[\x1b]633;B\x07\\]\\[\x1b]633;B\x07\\]', 'LC_MONETARY': 'en_US.UTF-8', 'VSCODE_GIT_ASKPASS_NODE': '/usr/share/code/code', 'MANAGERPID': '2401', 'SYSTEMD_EXEC_PID': '2847', 'GSM_SKIP_SSH_AGENT_WORKAROUND': 'true', 'DBUS_SESSION_BUS_ADDRESS': 'unix:path=/run/user/1000/bus', 'COLORTERM': 'truecolor', 'TERMINATOR_DBUS_NAME': 'net.tenshu.Terminator23558193cd9818af7fe4d2c2f5bd9d00f', 'GIO_LAUNCHED_DESKTOP_FILE_PID': '3572', 'DEBUGINFOD_URLS': 'https://debuginfod.ubuntu.com', 'COLCON_PREFIX_PATH': '/home/tm/dev_ws/ros_c++/install', 'ROS_DISTRO': 'jazzy', 'LOGNAME': 'tm', 'JOURNAL_STREAM': '9:19830', '_': '/usr/bin/colcon', 'ROS_VERSION': '2', 'MEMORY_PRESSURE_WATCH': '/sys/fs/cgroup/user.slice/user-1000.slice/user@1000.service/session.slice/org.gnome.Shell@x11.service/memory.pressure', 'XDG_SESSION_CLASS': 'user', 'USERNAME': 'tm', 'TERM': 'xterm-256color', 'GNOME_DESKTOP_SESSION_ID': 'this-is-deprecated', 'ROS_LOCALHOST_ONLY': '1', 'WINDOWPATH': '2', 'PATH': '/home/tm/venv/ros/bin:/opt/ros/jazzy/opt/gz_tools_vendor/bin:/opt/ros/jazzy/bin:/home/tm/venv/ros/bin:/home/tm/.local/bin:/usr/local/sbin:/usr/local/bin:/usr/sbin:/usr/bin:/sbin:/bin:/usr/games:/usr/local/games:/snap/bin:/snap/bin', 'SESSION_MANAGER': 'local/tm-GF65-Thin-10UE:@/tmp/.ICE-unix/2802,unix/tm-GF65-Thin-10UE:/tmp/.ICE-unix/2802', 'INVOCATION_ID': '0276fcb0caae4839add7e45e8113f0ee', 'PAPERSIZE': 'letter', 'XDG_MENU_PREFIX': 'gnome-', 'LC_ADDRESS': 'en_US.UTF-8', 'XDG_RUNTIME_DIR': '/run/user/1000', 'GDK_BACKEND': 'x11', 'DISPLAY': ':1', 'TERMINATOR_DBUS_PATH': '/net/tenshu/Terminator2', 'LANG': 'en_US.UTF-8', 'XDG_CURRENT_DESKTOP': 'Unity', 'LC_TELEPHONE': 'en_US.UTF-8', 'VIRTUAL_ENV_PROMPT': '(ros)', 'XMODIFIERS': '@im=ibus', 'XDG_SESSION_DESKTOP': 'ubuntu', 'XAUTHORITY': '/run/user/1000/gdm/Xauthority', 'LS_COLORS': 'rs=0:di=01;34:ln=01;36:mh=00:pi=40;33:so=01;35:do=01;35:bd=40;33;01:cd=40;33;01:or=40;31;01:mi=00:su=37;41:sg=30;43:ca=00:tw=30;42:ow=34;42:st=37;44:ex=01;32:*.tar=01;31:*.tgz=01;31:*.arc=01;31:*.arj=01;31:*.taz=01;31:*.lha=01;31:*.lz4=01;31:*.lzh=01;31:*.lzma=01;31:*.tlz=01;31:*.txz=01;31:*.tzo=01;31:*.t7z=01;31:*.zip=01;31:*.z=01;31:*.dz=01;31:*.gz=01;31:*.lrz=01;31:*.lz=01;31:*.lzo=01;31:*.xz=01;31:*.zst=01;31:*.tzst=01;31:*.bz2=01;31:*.bz=01;31:*.tbz=01;31:*.tbz2=01;31:*.tz=01;31:*.deb=01;31:*.rpm=01;31:*.jar=01;31:*.war=01;31:*.ear=01;31:*.sar=01;31:*.rar=01;31:*.alz=01;31:*.ace=01;31:*.zoo=01;31:*.cpio=01;31:*.7z=01;31:*.rz=01;31:*.cab=01;31:*.wim=01;31:*.swm=01;31:*.dwm=01;31:*.esd=01;31:*.avif=01;35:*.jpg=01;35:*.jpeg=01;35:*.mjpg=01;35:*.mjpeg=01;35:*.gif=01;35:*.bmp=01;35:*.pbm=01;35:*.pgm=01;35:*.ppm=01;35:*.tga=01;35:*.xbm=01;35:*.xpm=01;35:*.tif=01;35:*.tiff=01;35:*.png=01;35:*.svg=01;35:*.svgz=01;35:*.mng=01;35:*.pcx=01;35:*.mov=01;35:*.mpg=01;35:*.mpeg=01;35:*.m2v=01;35:*.mkv=01;35:*.webm=01;35:*.webp=01;35:*.ogm=01;35:*.mp4=01;35:*.m4v=01;35:*.mp4v=01;35:*.vob=01;35:*.qt=01;35:*.nuv=01;35:*.wmv=01;35:*.asf=01;35:*.rm=01;35:*.rmvb=01;35:*.flc=01;35:*.avi=01;35:*.fli=01;35:*.flv=01;35:*.gl=01;35:*.dl=01;35:*.xcf=01;35:*.xwd=01;35:*.yuv=01;35:*.cgm=01;35:*.emf=01;35:*.ogv=01;35:*.ogx=01;35:*.aac=00;36:*.au=00;36:*.flac=00;36:*.m4a=00;36:*.mid=00;36:*.midi=00;36:*.mka=00;36:*.mp3=00;36:*.mpc=00;36:*.ogg=00;36:*.ra=00;36:*.wav=00;36:*.oga=00;36:*.opus=00;36:*.spx=00;36:*.xspf=00;36:*~=00;90:*#=00;90:*.bak=00;90:*.crdownload=00;90:*.dpkg-dist=00;90:*.dpkg-new=00;90:*.dpkg-old=00;90:*.dpkg-tmp=00;90:*.old=00;90:*.orig=00;90:*.part=00;90:*.rej=00;90:*.rpmnew=00;90:*.rpmorig=00;90:*.rpmsave=00;90:*.swp=00;90:*.tmp=00;90:*.ucf-dist=00;90:*.ucf-new=00;90:*.ucf-old=00;90:', 'VSCODE_GIT_IPC_HANDLE': '/run/user/1000/vscode-git-d53cea2ef5.sock', 'TERM_PROGRAM': 'vscode', 'SSH_AUTH_SOCK': '/run/user/1000/keyring/ssh', 'ROS_DOMAIN_ID': '07', 'AMENT_PREFIX_PATH': '/home/tm/dev_ws/ros_c++/install/my_first_package_msgs:/home/tm/dev_ws/ros_c++/install/my_first_package:/opt/ros/jazzy', 'ORIGINAL_XDG_CURRENT_DESKTOP': 'ubuntu:GNOME', 'SHELL': '/bin/bash', 'LC_NAME': 'en_US.UTF-8', 'TERMINATOR_UUID': 'urn:uuid:c9ecbc80-1e29-462c-bd49-f35458b546be', 'QT_ACCESSIBILITY': '1', 'GDMSESSION': 'ubuntu', 'LESSCLOSE': '/usr/bin/lesspipe %s %s', 'LC_MEASUREMENT': 'en_US.UTF-8', 'GPG_AGENT_INFO': '/run/user/1000/gnupg/S.gpg-agent:0:1', 'GJS_DEBUG_OUTPUT': 'stderr', 'LC_IDENTIFICATION': 'en_US.UTF-8', 'VIRTUAL_ENV': '/home/tm/venv/ros', 'ROS_AUTOMATIC_DISCOVERY_RANGE': 'SUBNET', 'VSCODE_GIT_ASKPASS_EXTRA_ARGS': '', 'QT_IM_MODULE': 'ibus', 'PWD': '/home/tm/dev_ws/ros_c++/build/my_first_package_msgs', 'LC_ALL': 'en_US.UTF-8', 'XDG_CONFIG_DIRS': '/etc/xdg/xdg-ubuntu:/etc/xdg', 'XDG_DATA_DIRS': '/usr/share/ubuntu:/usr/share/gnome:/usr/local/share/:/usr/share/:/var/lib/snapd/desktop', 'QTWEBENGINE_DICTIONARIES_PATH': '/usr/share/hunspell-bdic/', 'PYTHONPATH': '/home/tm/dev_ws/ros_c++/install/my_first_package_msgs/lib/python3.12/site-packages:/opt/ros/jazzy/lib/python3.12/site-packages', 'LC_NUMERIC': 'en_US.UTF-8', 'LC_PAPER': 'en_US.UTF-8', 'COLCON': '1', 'MEMORY_PRESSURE_WRITE': 'c29tZSAyMDAwMDAgMjAwMDAwMAA=', 'VTE_VERSION': '7600', 'CMAKE_PREFIX_PATH': '/home/tm/dev_ws/ros_c++/install/my_first_package_msgs:/home/tm/dev_ws/ros_c++/install/my_first_package:/opt/ros/jazzy/opt/sdformat_vendor:/opt/ros/jazzy/opt/gz_math_vendor:/opt/ros/jazzy/opt/gz_utils_vendor:/opt/ros/jazzy/opt/gz_tools_vendor:/opt/ros/jazzy/opt/gz_cmake_vendor:/opt/ros/jazzy'}), 'shell': False}
[2.999209] (my_first_package_msgs) StdoutLine: {'line': b'[  2%] \x1b[34m\x1b[1mGenerating type hashes for ROS interfaces\x1b[0m\n'}
[3.006719] (-) TimerEvent: {}
[3.011006] (my_first_package_msgs) StdoutLine: {'line': b'[  2%] Built target ament_cmake_python_copy_my_first_package_msgs\n'}
[3.116409] (-) TimerEvent: {}
[3.228746] (-) TimerEvent: {}
[3.329174] (-) TimerEvent: {}
[3.429537] (-) TimerEvent: {}
[3.529869] (-) TimerEvent: {}
[3.556692] (my_first_package_msgs) StdoutLine: {'line': b'[  2%] Built target my_first_package_msgs__rosidl_generator_type_description\n'}
[3.573162] (my_first_package_msgs) StdoutLine: {'line': b'[  5%] \x1b[34m\x1b[1mGenerating C code for ROS interfaces\x1b[0m\n'}
[3.590218] (my_first_package_msgs) StdoutLine: {'line': b'[  8%] \x1b[34m\x1b[1mGenerating C++ code for ROS interfaces\x1b[0m\n'}
[3.629974] (-) TimerEvent: {}
[3.633726] (my_first_package_msgs) StdoutLine: {'line': b'running egg_info\n'}
[3.674922] (my_first_package_msgs) StdoutLine: {'line': b'creating my_first_package_msgs.egg-info\n'}
[3.675313] (my_first_package_msgs) StdoutLine: {'line': b'writing my_first_package_msgs.egg-info/PKG-INFO\n'}
[3.675685] (my_first_package_msgs) StdoutLine: {'line': b'writing dependency_links to my_first_package_msgs.egg-info/dependency_links.txt\n'}
[3.676015] (my_first_package_msgs) StdoutLine: {'line': b'writing top-level names to my_first_package_msgs.egg-info/top_level.txt\n'}
[3.676219] (my_first_package_msgs) StdoutLine: {'line': b"writing manifest file 'my_first_package_msgs.egg-info/SOURCES.txt'\n"}
[3.730074] (-) TimerEvent: {}
[3.801276] (my_first_package_msgs) StdoutLine: {'line': b"reading manifest file 'my_first_package_msgs.egg-info/SOURCES.txt'\n"}
[3.802343] (my_first_package_msgs) StdoutLine: {'line': b"writing manifest file 'my_first_package_msgs.egg-info/SOURCES.txt'\n"}
[3.830185] (-) TimerEvent: {}
[3.873408] (my_first_package_msgs) StdoutLine: {'line': b'[  8%] Built target ament_cmake_python_build_my_first_package_msgs_egg\n'}
[3.930305] (-) TimerEvent: {}
[4.031467] (-) TimerEvent: {}
[4.044046] (my_first_package_msgs) StdoutLine: {'line': b'[  8%] Built target my_first_package_msgs__cpp\n'}
[4.070506] (my_first_package_msgs) StdoutLine: {'line': b'[ 17%] \x1b[32mBuilding C object CMakeFiles/my_first_package_msgs__rosidl_generator_c.dir/rosidl_generator_c/my_first_package_msgs/msg/detail/cmd_and_pose_vel__functions.c.o\x1b[0m\n'}
[4.070823] (my_first_package_msgs) StdoutLine: {'line': b'[ 17%] \x1b[32mBuilding C object CMakeFiles/my_first_package_msgs__rosidl_generator_c.dir/rosidl_generator_c/my_first_package_msgs/msg/detail/cmd_and_pose_vel__type_support.c.o\x1b[0m\n'}
[4.071030] (my_first_package_msgs) StdoutLine: {'line': b'[ 17%] \x1b[32mBuilding C object CMakeFiles/my_first_package_msgs__rosidl_generator_c.dir/rosidl_generator_c/my_first_package_msgs/msg/detail/cmd_and_pose_vel__description.c.o\x1b[0m\n'}
[4.132031] (-) TimerEvent: {}
[4.142532] (my_first_package_msgs) StdoutLine: {'line': b'[ 20%] \x1b[32m\x1b[1mLinking C shared library libmy_first_package_msgs__rosidl_generator_c.so\x1b[0m\n'}
[4.199301] (my_first_package_msgs) StdoutLine: {'line': b'[ 20%] Built target my_first_package_msgs__rosidl_generator_c\n'}
[4.213485] (my_first_package_msgs) StdoutLine: {'line': b'[ 29%] \x1b[34m\x1b[1mGenerating C++ type support dispatch for ROS interfaces\x1b[0m\n'}
[4.213747] (my_first_package_msgs) StdoutLine: {'line': b'[ 29%] \x1b[34m\x1b[1mGenerating C++ type support for eProsima Fast-RTPS\x1b[0m\n'}
[4.213871] (my_first_package_msgs) StdoutLine: {'line': b'[ 29%] \x1b[34m\x1b[1mGenerating C type support for eProsima Fast-RTPS\x1b[0m\n'}
[4.214647] (my_first_package_msgs) StdoutLine: {'line': b'[ 32%] \x1b[34m\x1b[1mGenerating C type support dispatch for ROS interfaces\x1b[0m\n'}
[4.215891] (my_first_package_msgs) StdoutLine: {'line': b'[ 35%] \x1b[34m\x1b[1mGenerating C++ introspection for ROS interfaces\x1b[0m\n'}
[4.223396] (my_first_package_msgs) StdoutLine: {'line': b'[ 38%] \x1b[34m\x1b[1mGenerating C introspection for ROS interfaces\x1b[0m\n'}
[4.232303] (-) TimerEvent: {}
[4.333601] (-) TimerEvent: {}
[4.433914] (-) TimerEvent: {}
[4.535511] (-) TimerEvent: {}
[4.635819] (-) TimerEvent: {}
[4.691900] (my_first_package_msgs) StdoutLine: {'line': b'[ 41%] \x1b[32mBuilding CXX object CMakeFiles/my_first_package_msgs__rosidl_typesupport_cpp.dir/rosidl_typesupport_cpp/my_first_package_msgs/msg/cmd_and_pose_vel__type_support.cpp.o\x1b[0m\n'}
[4.726071] (my_first_package_msgs) StdoutLine: {'line': b'[ 44%] \x1b[32mBuilding CXX object CMakeFiles/my_first_package_msgs__rosidl_typesupport_introspection_cpp.dir/rosidl_typesupport_introspection_cpp/my_first_package_msgs/msg/detail/cmd_and_pose_vel__type_support.cpp.o\x1b[0m\n'}
[4.736965] (my_first_package_msgs) StdoutLine: {'line': b'[ 47%] \x1b[32mBuilding CXX object CMakeFiles/my_first_package_msgs__rosidl_typesupport_fastrtps_c.dir/rosidl_typesupport_fastrtps_c/my_first_package_msgs/msg/detail/cmd_and_pose_vel__type_support_c.cpp.o\x1b[0m\n'}
[4.737236] (-) TimerEvent: {}
[4.760983] (my_first_package_msgs) StdoutLine: {'line': b'[ 50%] \x1b[32mBuilding CXX object CMakeFiles/my_first_package_msgs__rosidl_typesupport_c.dir/rosidl_typesupport_c/my_first_package_msgs/msg/cmd_and_pose_vel__type_support.cpp.o\x1b[0m\n'}
[4.769569] (my_first_package_msgs) StdoutLine: {'line': b'[ 52%] \x1b[32mBuilding C object CMakeFiles/my_first_package_msgs__rosidl_typesupport_introspection_c.dir/rosidl_typesupport_introspection_c/my_first_package_msgs/msg/detail/cmd_and_pose_vel__type_support.c.o\x1b[0m\n'}
[4.828422] (my_first_package_msgs) StdoutLine: {'line': b'[ 55%] \x1b[32mBuilding CXX object CMakeFiles/my_first_package_msgs__rosidl_typesupport_fastrtps_cpp.dir/rosidl_typesupport_fastrtps_cpp/my_first_package_msgs/msg/detail/dds_fastrtps/cmd_and_pose_vel__type_support.cpp.o\x1b[0m\n'}
[4.838594] (my_first_package_msgs) StdoutLine: {'line': b'[ 58%] \x1b[32m\x1b[1mLinking CXX shared library libmy_first_package_msgs__rosidl_typesupport_c.so\x1b[0m\n'}
[4.838864] (-) TimerEvent: {}
[4.843796] (my_first_package_msgs) StdoutLine: {'line': b'[ 61%] \x1b[32m\x1b[1mLinking C shared library libmy_first_package_msgs__rosidl_typesupport_introspection_c.so\x1b[0m\n'}
[4.935433] (my_first_package_msgs) StdoutLine: {'line': b'[ 61%] Built target my_first_package_msgs__rosidl_typesupport_introspection_c\n'}
[4.938985] (-) TimerEvent: {}
[4.941182] (my_first_package_msgs) StdoutLine: {'line': b'[ 61%] Built target my_first_package_msgs__rosidl_typesupport_c\n'}
[4.988132] (my_first_package) StderrLine: {'line': b'In file included from \x1b[01m\x1b[K/opt/ros/jazzy/include/rclcpp/rclcpp/logging.hpp:24\x1b[m\x1b[K,\n'}
[4.988491] (my_first_package) StderrLine: {'line': b'                 from \x1b[01m\x1b[K/opt/ros/jazzy/include/rclcpp/rclcpp/copy_all_parameter_values.hpp:27\x1b[m\x1b[K,\n'}
[4.988801] (my_first_package) StderrLine: {'line': b'                 from \x1b[01m\x1b[K/opt/ros/jazzy/include/rclcpp/rclcpp/rclcpp.hpp:171\x1b[m\x1b[K,\n'}
[4.988949] (my_first_package) StderrLine: {'line': b'                 from \x1b[01m\x1b[K/home/tm/dev_ws/ros_c++/src/my_first_package/src/turtle_cmd_and_pose.cpp:1\x1b[m\x1b[K:\n'}
[4.989093] (my_first_package) StderrLine: {'line': b'\x1b[01m\x1b[K/home/tm/dev_ws/ros_c++/src/my_first_package/src/turtle_cmd_and_pose.cpp:\x1b[m\x1b[K In member function \xe2\x80\x98\x1b[01m\x1b[Kvoid CmdAndPose::\x1b[01;32m\x1b[Kcallback_pose\x1b[m\x1b[K(turtlesim::msg::Pose_<std::allocator<void> >::SharedPtr) const\x1b[m\x1b[K\xe2\x80\x99:\n'}
[4.989247] (my_first_package) StderrLine: {'line': b'\x1b[01m\x1b[K/home/tm/dev_ws/ros_c++/src/my_first_package/src/turtle_cmd_and_pose.cpp:17:59:\x1b[m\x1b[K \x1b[01;31m\x1b[Kerror: \x1b[m\x1b[Kno matching function for call to \xe2\x80\x98\x1b[01m\x1b[Kto_string(const turtlesim::msg::Pose_<std::allocator<void> >::SharedPtr&)\x1b[m\x1b[K\xe2\x80\x99\n'}
[4.989409] (my_first_package) StderrLine: {'line': b'   17 |             RCLCPP_INFO(this->get_logger(), \x1b[01;31m\x1b[Kstd::to_string(msg)\x1b[m\x1b[K);\n'}
[4.989546] (my_first_package) StderrLine: {'line': b'      |                                             \x1b[01;31m\x1b[K~~~~~~~~~~~~~~^~~~~\x1b[m\x1b[K\n'}
[4.989686] (my_first_package) StderrLine: {'line': b'In file included from \x1b[01m\x1b[K/opt/ros/jazzy/include/rclcpp/rclcpp/copy_all_parameter_values.hpp:25\x1b[m\x1b[K:\n'}
[4.989824] (my_first_package) StderrLine: {'line': b'\x1b[01m\x1b[K/opt/ros/jazzy/include/rclcpp/rclcpp/parameter.hpp:289:1:\x1b[m\x1b[K \x1b[01;36m\x1b[Knote: \x1b[m\x1b[Kcandidate: \xe2\x80\x98\x1b[01m\x1b[Kstd::string std::\x1b[01;32m\x1b[Kto_string\x1b[m\x1b[K(const rclcpp::Parameter&)\x1b[m\x1b[K\xe2\x80\x99\n'}
[4.989967] (my_first_package) StderrLine: {'line': b'  289 | \x1b[01;36m\x1b[Kto_string\x1b[m\x1b[K(const rclcpp::Parameter & param);\n'}
[4.990103] (my_first_package) StderrLine: {'line': b'      | \x1b[01;36m\x1b[K^~~~~~~~~\x1b[m\x1b[K\n'}
[4.990235] (my_first_package) StderrLine: {'line': b'\x1b[01m\x1b[K/opt/ros/jazzy/include/rclcpp/rclcpp/parameter.hpp:289:37:\x1b[m\x1b[K \x1b[01;36m\x1b[Knote: \x1b[m\x1b[K  no known conversion for argument 1 from \xe2\x80\x98\x1b[01m\x1b[Kconst turtlesim::msg::Pose_<std::allocator<void> >::SharedPtr\x1b[m\x1b[K\xe2\x80\x99 {aka \xe2\x80\x98\x1b[01m\x1b[Kconst std::shared_ptr<turtlesim::msg::Pose_<std::allocator<void> > >\x1b[m\x1b[K\xe2\x80\x99} to \xe2\x80\x98\x1b[01m\x1b[Kconst rclcpp::Parameter&\x1b[m\x1b[K\xe2\x80\x99\n'}
[4.990416] (my_first_package) StderrLine: {'line': b'  289 | to_string(\x1b[01;36m\x1b[Kconst rclcpp::Parameter & param\x1b[m\x1b[K);\n'}
[4.990549] (my_first_package) StderrLine: {'line': b'      |           \x1b[01;36m\x1b[K~~~~~~~~~~~~~~~~~~~~~~~~~~^~~~~\x1b[m\x1b[K\n'}
[4.990680] (my_first_package) StderrLine: {'line': b'\x1b[01m\x1b[K/opt/ros/jazzy/include/rclcpp/rclcpp/parameter.hpp:294:1:\x1b[m\x1b[K \x1b[01;36m\x1b[Knote: \x1b[m\x1b[Kcandidate: \xe2\x80\x98\x1b[01m\x1b[Kstd::string std::\x1b[01;32m\x1b[Kto_string\x1b[m\x1b[K(const vector<rclcpp::Parameter>&)\x1b[m\x1b[K\xe2\x80\x99\n'}
[4.990815] (my_first_package) StderrLine: {'line': b'  294 | \x1b[01;36m\x1b[Kto_string\x1b[m\x1b[K(const std::vector<rclcpp::Parameter> & parameters);\n'}
[4.990946] (my_first_package) StderrLine: {'line': b'      | \x1b[01;36m\x1b[K^~~~~~~~~\x1b[m\x1b[K\n'}
[4.991080] (my_first_package) StderrLine: {'line': b'\x1b[01m\x1b[K/opt/ros/jazzy/include/rclcpp/rclcpp/parameter.hpp:294:50:\x1b[m\x1b[K \x1b[01;36m\x1b[Knote: \x1b[m\x1b[K  no known conversion for argument 1 from \xe2\x80\x98\x1b[01m\x1b[Kconst turtlesim::msg::Pose_<std::allocator<void> >::SharedPtr\x1b[m\x1b[K\xe2\x80\x99 {aka \xe2\x80\x98\x1b[01m\x1b[Kconst std::shared_ptr<turtlesim::msg::Pose_<std::allocator<void> > >\x1b[m\x1b[K\xe2\x80\x99} to \xe2\x80\x98\x1b[01m\x1b[Kconst std::vector<rclcpp::Parameter>&\x1b[m\x1b[K\xe2\x80\x99\n'}
[4.991218] (my_first_package) StderrLine: {'line': b'  294 | to_string(\x1b[01;36m\x1b[Kconst std::vector<rclcpp::Parameter> & parameters\x1b[m\x1b[K);\n'}
[4.991642] (my_first_package) StderrLine: {'line': b'      |           \x1b[01;36m\x1b[K~~~~~~~~~~~~~~~~~~~~~~~~~~~~~~~~~~~~~~~^~~~~~~~~~\x1b[m\x1b[K\n'}
[4.991771] (my_first_package) StderrLine: {'line': b'In file included from \x1b[01m\x1b[K/usr/include/c++/13/string:54\x1b[m\x1b[K,\n'}
[4.991914] (my_first_package) StderrLine: {'line': b'                 from \x1b[01m\x1b[K/opt/ros/jazzy/include/rclcpp/rclcpp/copy_all_parameter_values.hpp:18\x1b[m\x1b[K:\n'}
[4.992049] (my_first_package) StderrLine: {'line': b'\x1b[01m\x1b[K/usr/include/c++/13/bits/basic_string.h:4162:3:\x1b[m\x1b[K \x1b[01;36m\x1b[Knote: \x1b[m\x1b[Kcandidate: \xe2\x80\x98\x1b[01m\x1b[Kstd::string std::__cxx11::\x1b[01;32m\x1b[Kto_string\x1b[m\x1b[K(int)\x1b[m\x1b[K\xe2\x80\x99\n'}
[4.992188] (my_first_package) StderrLine: {'line': b' 4162 |   \x1b[01;36m\x1b[Kto_string\x1b[m\x1b[K(int __val)\n'}
[4.992337] (my_first_package) StderrLine: {'line': b'      |   \x1b[01;36m\x1b[K^~~~~~~~~\x1b[m\x1b[K\n'}
[4.992477] (my_first_package) StderrLine: {'line': b'\x1b[01m\x1b[K/usr/include/c++/13/bits/basic_string.h:4162:17:\x1b[m\x1b[K \x1b[01;36m\x1b[Knote: \x1b[m\x1b[K  no known conversion for argument 1 from \xe2\x80\x98\x1b[01m\x1b[Kconst turtlesim::msg::Pose_<std::allocator<void> >::SharedPtr\x1b[m\x1b[K\xe2\x80\x99 {aka \xe2\x80\x98\x1b[01m\x1b[Kconst std::shared_ptr<turtlesim::msg::Pose_<std::allocator<void> > >\x1b[m\x1b[K\xe2\x80\x99} to \xe2\x80\x98\x1b[01m\x1b[Kint\x1b[m\x1b[K\xe2\x80\x99\n'}
[4.992618] (my_first_package) StderrLine: {'line': b' 4162 |   to_string(\x1b[01;36m\x1b[Kint __val\x1b[m\x1b[K)\n'}
[4.992754] (my_first_package) StderrLine: {'line': b'      |             \x1b[01;36m\x1b[K~~~~^~~~~\x1b[m\x1b[K\n'}
[4.992883] (my_first_package) StderrLine: {'line': b'\x1b[01m\x1b[K/usr/include/c++/13/bits/basic_string.h:4177:3:\x1b[m\x1b[K \x1b[01;36m\x1b[Knote: \x1b[m\x1b[Kcandidate: \xe2\x80\x98\x1b[01m\x1b[Kstd::string std::__cxx11::\x1b[01;32m\x1b[Kto_string\x1b[m\x1b[K(unsigned int)\x1b[m\x1b[K\xe2\x80\x99\n'}
[4.993020] (my_first_package) StderrLine: {'line': b' 4177 |   \x1b[01;36m\x1b[Kto_string\x1b[m\x1b[K(unsigned __val)\n'}
[4.993151] (my_first_package) StderrLine: {'line': b'      |   \x1b[01;36m\x1b[K^~~~~~~~~\x1b[m\x1b[K\n'}
[4.993297] (my_first_package) StderrLine: {'line': b'\x1b[01m\x1b[K/usr/include/c++/13/bits/basic_string.h:4177:22:\x1b[m\x1b[K \x1b[01;36m\x1b[Knote: \x1b[m\x1b[K  no known conversion for argument 1 from \xe2\x80\x98\x1b[01m\x1b[Kconst turtlesim::msg::Pose_<std::allocator<void> >::SharedPtr\x1b[m\x1b[K\xe2\x80\x99 {aka \xe2\x80\x98\x1b[01m\x1b[Kconst std::shared_ptr<turtlesim::msg::Pose_<std::allocator<void> > >\x1b[m\x1b[K\xe2\x80\x99} to \xe2\x80\x98\x1b[01m\x1b[Kunsigned int\x1b[m\x1b[K\xe2\x80\x99\n'}
[4.993465] (my_first_package) StderrLine: {'line': b' 4177 |   to_string(\x1b[01;36m\x1b[Kunsigned __val\x1b[m\x1b[K)\n'}
[4.993599] (my_first_package) StderrLine: {'line': b'      |             \x1b[01;36m\x1b[K~~~~~~~~~^~~~~\x1b[m\x1b[K\n'}
[4.993732] (my_first_package) StderrLine: {'line': b'\x1b[01m\x1b[K/usr/include/c++/13/bits/basic_string.h:4189:3:\x1b[m\x1b[K \x1b[01;36m\x1b[Knote: \x1b[m\x1b[Kcandidate: \xe2\x80\x98\x1b[01m\x1b[Kstd::string std::__cxx11::\x1b[01;32m\x1b[Kto_string\x1b[m\x1b[K(long int)\x1b[m\x1b[K\xe2\x80\x99\n'}
[4.993868] (my_first_package) StderrLine: {'line': b' 4189 |   \x1b[01;36m\x1b[Kto_string\x1b[m\x1b[K(long __val)\n'}
[4.993998] (my_first_package) StderrLine: {'line': b'      |   \x1b[01;36m\x1b[K^~~~~~~~~\x1b[m\x1b[K\n'}
[4.994140] (my_first_package) StderrLine: {'line': b'\x1b[01m\x1b[K/usr/include/c++/13/bits/basic_string.h:4189:18:\x1b[m\x1b[K \x1b[01;36m\x1b[Knote: \x1b[m\x1b[K  no known conversion for argument 1 from \xe2\x80\x98\x1b[01m\x1b[Kconst turtlesim::msg::Pose_<std::allocator<void> >::SharedPtr\x1b[m\x1b[K\xe2\x80\x99 {aka \xe2\x80\x98\x1b[01m\x1b[Kconst std::shared_ptr<turtlesim::msg::Pose_<std::allocator<void> > >\x1b[m\x1b[K\xe2\x80\x99} to \xe2\x80\x98\x1b[01m\x1b[Klong int\x1b[m\x1b[K\xe2\x80\x99\n'}
[4.994276] (my_first_package) StderrLine: {'line': b' 4189 |   to_string(\x1b[01;36m\x1b[Klong __val\x1b[m\x1b[K)\n'}
[4.994423] (my_first_package) StderrLine: {'line': b'      |             \x1b[01;36m\x1b[K~~~~~^~~~~\x1b[m\x1b[K\n'}
[4.994555] (my_first_package) StderrLine: {'line': b'\x1b[01m\x1b[K/usr/include/c++/13/bits/basic_string.h:4204:3:\x1b[m\x1b[K \x1b[01;36m\x1b[Knote: \x1b[m\x1b[Kcandidate: \xe2\x80\x98\x1b[01m\x1b[Kstd::string std::__cxx11::\x1b[01;32m\x1b[Kto_string\x1b[m\x1b[K(long unsigned int)\x1b[m\x1b[K\xe2\x80\x99\n'}
[4.994701] (my_first_package) StderrLine: {'line': b' 4204 |   \x1b[01;36m\x1b[Kto_string\x1b[m\x1b[K(unsigned long __val)\n'}
[4.994834] (my_first_package) StderrLine: {'line': b'      |   \x1b[01;36m\x1b[K^~~~~~~~~\x1b[m\x1b[K\n'}
[4.994968] (my_first_package) StderrLine: {'line': b'\x1b[01m\x1b[K/usr/include/c++/13/bits/basic_string.h:4204:27:\x1b[m\x1b[K \x1b[01;36m\x1b[Knote: \x1b[m\x1b[K  no known conversion for argument 1 from \xe2\x80\x98\x1b[01m\x1b[Kconst turtlesim::msg::Pose_<std::allocator<void> >::SharedPtr\x1b[m\x1b[K\xe2\x80\x99 {aka \xe2\x80\x98\x1b[01m\x1b[Kconst std::shared_ptr<turtlesim::msg::Pose_<std::allocator<void> > >\x1b[m\x1b[K\xe2\x80\x99} to \xe2\x80\x98\x1b[01m\x1b[Klong unsigned int\x1b[m\x1b[K\xe2\x80\x99\n'}
[4.995118] (my_first_package) StderrLine: {'line': b' 4204 |   to_string(\x1b[01;36m\x1b[Kunsigned long __val\x1b[m\x1b[K)\n'}
[4.995249] (my_first_package) StderrLine: {'line': b'      |             \x1b[01;36m\x1b[K~~~~~~~~~~~~~~^~~~~\x1b[m\x1b[K\n'}
[4.999814] (my_first_package) StderrLine: {'line': b'\x1b[01m\x1b[K/usr/include/c++/13/bits/basic_string.h:4216:3:\x1b[m\x1b[K \x1b[01;36m\x1b[Knote: \x1b[m\x1b[Kcandidate: \xe2\x80\x98\x1b[01m\x1b[Kstd::string std::__cxx11::\x1b[01;32m\x1b[Kto_string\x1b[m\x1b[K(long long int)\x1b[m\x1b[K\xe2\x80\x99\n'}
[5.000108] (my_first_package) StderrLine: {'line': b' 4216 |   \x1b[01;36m\x1b[Kto_string\x1b[m\x1b[K(long long __val)\n'}
[5.000265] (my_first_package) StderrLine: {'line': b'      |   \x1b[01;36m\x1b[K^~~~~~~~~\x1b[m\x1b[K\n'}
[5.000416] (my_first_package) StderrLine: {'line': b'\x1b[01m\x1b[K/usr/include/c++/13/bits/basic_string.h:4216:23:\x1b[m\x1b[K \x1b[01;36m\x1b[Knote: \x1b[m\x1b[K  no known conversion for argument 1 from \xe2\x80\x98\x1b[01m\x1b[Kconst turtlesim::msg::Pose_<std::allocator<void> >::SharedPtr\x1b[m\x1b[K\xe2\x80\x99 {aka \xe2\x80\x98\x1b[01m\x1b[Kconst std::shared_ptr<turtlesim::msg::Pose_<std::allocator<void> > >\x1b[m\x1b[K\xe2\x80\x99} to \xe2\x80\x98\x1b[01m\x1b[Klong long int\x1b[m\x1b[K\xe2\x80\x99\n'}
[5.000557] (my_first_package) StderrLine: {'line': b' 4216 |   to_string(\x1b[01;36m\x1b[Klong long __val\x1b[m\x1b[K)\n'}
[5.000695] (my_first_package) StderrLine: {'line': b'      |             \x1b[01;36m\x1b[K~~~~~~~~~~^~~~~\x1b[m\x1b[K\n'}
[5.000832] (my_first_package) StderrLine: {'line': b'\x1b[01m\x1b[K/usr/include/c++/13/bits/basic_string.h:4229:3:\x1b[m\x1b[K \x1b[01;36m\x1b[Knote: \x1b[m\x1b[Kcandidate: \xe2\x80\x98\x1b[01m\x1b[Kstd::string std::__cxx11::\x1b[01;32m\x1b[Kto_string\x1b[m\x1b[K(long long unsigned int)\x1b[m\x1b[K\xe2\x80\x99\n'}
[5.000968] (my_first_package) StderrLine: {'line': b' 4229 |   \x1b[01;36m\x1b[Kto_string\x1b[m\x1b[K(unsigned long long __val)\n'}
[5.001098] (my_first_package) StderrLine: {'line': b'      |   \x1b[01;36m\x1b[K^~~~~~~~~\x1b[m\x1b[K\n'}
[5.001230] (my_first_package) StderrLine: {'line': b'\x1b[01m\x1b[K/usr/include/c++/13/bits/basic_string.h:4229:32:\x1b[m\x1b[K \x1b[01;36m\x1b[Knote: \x1b[m\x1b[K  no known conversion for argument 1 from \xe2\x80\x98\x1b[01m\x1b[Kconst turtlesim::msg::Pose_<std::allocator<void> >::SharedPtr\x1b[m\x1b[K\xe2\x80\x99 {aka \xe2\x80\x98\x1b[01m\x1b[Kconst std::shared_ptr<turtlesim::msg::Pose_<std::allocator<void> > >\x1b[m\x1b[K\xe2\x80\x99} to \xe2\x80\x98\x1b[01m\x1b[Klong long unsigned int\x1b[m\x1b[K\xe2\x80\x99\n'}
[5.001354] (my_first_package) StderrLine: {'line': b' 4229 |   to_string(\x1b[01;36m\x1b[Kunsigned long long __val\x1b[m\x1b[K)\n'}
[5.001485] (my_first_package) StderrLine: {'line': b'      |             \x1b[01;36m\x1b[K~~~~~~~~~~~~~~~~~~~^~~~~\x1b[m\x1b[K\n'}
[5.001612] (my_first_package) StderrLine: {'line': b'\x1b[01m\x1b[K/usr/include/c++/13/bits/basic_string.h:4241:3:\x1b[m\x1b[K \x1b[01;36m\x1b[Knote: \x1b[m\x1b[Kcandidate: \xe2\x80\x98\x1b[01m\x1b[Kstd::string std::__cxx11::\x1b[01;32m\x1b[Kto_string\x1b[m\x1b[K(float)\x1b[m\x1b[K\xe2\x80\x99\n'}
[5.001757] (my_first_package) StderrLine: {'line': b' 4241 |   \x1b[01;36m\x1b[Kto_string\x1b[m\x1b[K(float __val)\n'}
[5.001886] (my_first_package) StderrLine: {'line': b'      |   \x1b[01;36m\x1b[K^~~~~~~~~\x1b[m\x1b[K\n'}
[5.002015] (my_first_package) StderrLine: {'line': b'\x1b[01m\x1b[K/usr/include/c++/13/bits/basic_string.h:4241:19:\x1b[m\x1b[K \x1b[01;36m\x1b[Knote: \x1b[m\x1b[K  no known conversion for argument 1 from \xe2\x80\x98\x1b[01m\x1b[Kconst turtlesim::msg::Pose_<std::allocator<void> >::SharedPtr\x1b[m\x1b[K\xe2\x80\x99 {aka \xe2\x80\x98\x1b[01m\x1b[Kconst std::shared_ptr<turtlesim::msg::Pose_<std::allocator<void> > >\x1b[m\x1b[K\xe2\x80\x99} to \xe2\x80\x98\x1b[01m\x1b[Kfloat\x1b[m\x1b[K\xe2\x80\x99\n'}
[5.002160] (my_first_package) StderrLine: {'line': b' 4241 |   to_string(\x1b[01;36m\x1b[Kfloat __val\x1b[m\x1b[K)\n'}
[5.002304] (my_first_package) StderrLine: {'line': b'      |             \x1b[01;36m\x1b[K~~~~~~^~~~~\x1b[m\x1b[K\n'}
[5.002443] (my_first_package) StderrLine: {'line': b'\x1b[01m\x1b[K/usr/include/c++/13/bits/basic_string.h:4251:3:\x1b[m\x1b[K \x1b[01;36m\x1b[Knote: \x1b[m\x1b[Kcandidate: \xe2\x80\x98\x1b[01m\x1b[Kstd::string std::__cxx11::\x1b[01;32m\x1b[Kto_string\x1b[m\x1b[K(double)\x1b[m\x1b[K\xe2\x80\x99\n'}
[5.002585] (my_first_package) StderrLine: {'line': b' 4251 |   \x1b[01;36m\x1b[Kto_string\x1b[m\x1b[K(double __val)\n'}
[5.002715] (my_first_package) StderrLine: {'line': b'      |   \x1b[01;36m\x1b[K^~~~~~~~~\x1b[m\x1b[K\n'}
[5.002842] (my_first_package) StderrLine: {'line': b'\x1b[01m\x1b[K/usr/include/c++/13/bits/basic_string.h:4251:20:\x1b[m\x1b[K \x1b[01;36m\x1b[Knote: \x1b[m\x1b[K  no known conversion for argument 1 from \xe2\x80\x98\x1b[01m\x1b[Kconst turtlesim::msg::Pose_<std::allocator<void> >::SharedPtr\x1b[m\x1b[K\xe2\x80\x99 {aka \xe2\x80\x98\x1b[01m\x1b[Kconst std::shared_ptr<turtlesim::msg::Pose_<std::allocator<void> > >\x1b[m\x1b[K\xe2\x80\x99} to \xe2\x80\x98\x1b[01m\x1b[Kdouble\x1b[m\x1b[K\xe2\x80\x99\n'}
[5.002979] (my_first_package) StderrLine: {'line': b' 4251 |   to_string(\x1b[01;36m\x1b[Kdouble __val\x1b[m\x1b[K)\n'}
[5.003110] (my_first_package) StderrLine: {'line': b'      |             \x1b[01;36m\x1b[K~~~~~~~^~~~~\x1b[m\x1b[K\n'}
[5.003244] (my_first_package) StderrLine: {'line': b'\x1b[01m\x1b[K/usr/include/c++/13/bits/basic_string.h:4261:3:\x1b[m\x1b[K \x1b[01;36m\x1b[Knote: \x1b[m\x1b[Kcandidate: \xe2\x80\x98\x1b[01m\x1b[Kstd::string std::__cxx11::\x1b[01;32m\x1b[Kto_string\x1b[m\x1b[K(long double)\x1b[m\x1b[K\xe2\x80\x99\n'}
[5.003400] (my_first_package) StderrLine: {'line': b' 4261 |   \x1b[01;36m\x1b[Kto_string\x1b[m\x1b[K(long double __val)\n'}
[5.003532] (my_first_package) StderrLine: {'line': b'      |   \x1b[01;36m\x1b[K^~~~~~~~~\x1b[m\x1b[K\n'}
[5.003663] (my_first_package) StderrLine: {'line': b'\x1b[01m\x1b[K/usr/include/c++/13/bits/basic_string.h:4261:25:\x1b[m\x1b[K \x1b[01;36m\x1b[Knote: \x1b[m\x1b[K  no known conversion for argument 1 from \xe2\x80\x98\x1b[01m\x1b[Kconst turtlesim::msg::Pose_<std::allocator<void> >::SharedPtr\x1b[m\x1b[K\xe2\x80\x99 {aka \xe2\x80\x98\x1b[01m\x1b[Kconst std::shared_ptr<turtlesim::msg::Pose_<std::allocator<void> > >\x1b[m\x1b[K\xe2\x80\x99} to \xe2\x80\x98\x1b[01m\x1b[Klong double\x1b[m\x1b[K\xe2\x80\x99\n'}
[5.003802] (my_first_package) StderrLine: {'line': b' 4261 |   to_string(\x1b[01;36m\x1b[Klong double __val\x1b[m\x1b[K)\n'}
[5.003931] (my_first_package) StderrLine: {'line': b'      |             \x1b[01;36m\x1b[K~~~~~~~~~~~~^~~~~\x1b[m\x1b[K\n'}
[5.039094] (-) TimerEvent: {}
[5.140352] (-) TimerEvent: {}
[5.224630] (my_first_package_msgs) StdoutLine: {'line': b'[ 64%] \x1b[32m\x1b[1mLinking CXX shared library libmy_first_package_msgs__rosidl_typesupport_cpp.so\x1b[0m\n'}
[5.244321] (-) TimerEvent: {}
[5.294238] (my_first_package_msgs) StdoutLine: {'line': b'[ 64%] Built target my_first_package_msgs__rosidl_typesupport_cpp\n'}
[5.314356] (my_first_package_msgs) StdoutLine: {'line': b'[ 67%] \x1b[32m\x1b[1mLinking CXX shared library libmy_first_package_msgs__rosidl_typesupport_introspection_cpp.so\x1b[0m\n'}
[5.344438] (-) TimerEvent: {}
[5.382801] (my_first_package_msgs) StdoutLine: {'line': b'[ 67%] Built target my_first_package_msgs__rosidl_typesupport_introspection_cpp\n'}
[5.444557] (-) TimerEvent: {}
[5.497866] (my_first_package_msgs) StdoutLine: {'line': b'[ 70%] \x1b[32m\x1b[1mLinking CXX shared library libmy_first_package_msgs__rosidl_typesupport_fastrtps_c.so\x1b[0m\n'}
[5.546640] (-) TimerEvent: {}
[5.615735] (my_first_package_msgs) StdoutLine: {'line': b'[ 70%] Built target my_first_package_msgs__rosidl_typesupport_fastrtps_c\n'}
[5.646882] (-) TimerEvent: {}
[5.653730] (my_first_package_msgs) StdoutLine: {'line': b'[ 73%] \x1b[32m\x1b[1mLinking CXX shared library libmy_first_package_msgs__rosidl_typesupport_fastrtps_cpp.so\x1b[0m\n'}
[5.720428] (my_first_package_msgs) StdoutLine: {'line': b'[ 73%] Built target my_first_package_msgs__rosidl_typesupport_fastrtps_cpp\n'}
[5.738914] (my_first_package_msgs) StdoutLine: {'line': b'[ 73%] Built target my_first_package_msgs\n'}
[5.746956] (-) TimerEvent: {}
[5.759240] (my_first_package_msgs) StdoutLine: {'line': b'[ 76%] \x1b[34m\x1b[1mGenerating Python code for ROS interfaces\x1b[0m\n'}
[5.847064] (-) TimerEvent: {}
[5.947390] (-) TimerEvent: {}
[6.047697] (-) TimerEvent: {}
[6.124206] (my_first_package_msgs) StdoutLine: {'line': b'[ 76%] Built target my_first_package_msgs__py\n'}
[6.143144] (my_first_package_msgs) StdoutLine: {'line': b'[ 79%] \x1b[32mBuilding C object CMakeFiles/my_first_package_msgs__rosidl_generator_py.dir/rosidl_generator_py/my_first_package_msgs/msg/_cmd_and_pose_vel_s.c.o\x1b[0m\n'}
[6.148019] (-) TimerEvent: {}
[6.248430] (-) TimerEvent: {}
[6.278502] (my_first_package_msgs) StdoutLine: {'line': b'[ 82%] \x1b[32m\x1b[1mLinking C shared library libmy_first_package_msgs__rosidl_generator_py.so\x1b[0m\n'}
[6.321015] (my_first_package_msgs) StdoutLine: {'line': b'[ 82%] Built target my_first_package_msgs__rosidl_generator_py\n'}
[6.344424] (my_first_package_msgs) StdoutLine: {'line': b'[ 85%] \x1b[32mBuilding C object CMakeFiles/my_first_package_msgs_s__rosidl_typesupport_fastrtps_c.dir/rosidl_generator_py/my_first_package_msgs/_my_first_package_msgs_s.ep.rosidl_typesupport_fastrtps_c.c.o\x1b[0m\n'}
[6.348551] (-) TimerEvent: {}
[6.350617] (my_first_package_msgs) StdoutLine: {'line': b'[ 91%] \x1b[32mBuilding C object CMakeFiles/my_first_package_msgs_s__rosidl_typesupport_introspection_c.dir/rosidl_generator_py/my_first_package_msgs/_my_first_package_msgs_s.ep.rosidl_typesupport_introspection_c.c.o\x1b[0m\n'}
[6.350891] (my_first_package_msgs) StdoutLine: {'line': b'[ 91%] \x1b[32mBuilding C object CMakeFiles/my_first_package_msgs_s__rosidl_typesupport_c.dir/rosidl_generator_py/my_first_package_msgs/_my_first_package_msgs_s.ep.rosidl_typesupport_c.c.o\x1b[0m\n'}
[6.448690] (-) TimerEvent: {}
[6.488842] (my_first_package_msgs) StdoutLine: {'line': b'[ 94%] \x1b[32m\x1b[1mLinking C shared module rosidl_generator_py/my_first_package_msgs/my_first_package_msgs_s__rosidl_typesupport_fastrtps_c.so\x1b[0m\n'}
[6.537869] (my_first_package_msgs) StdoutLine: {'line': b'[ 97%] \x1b[32m\x1b[1mLinking C shared module rosidl_generator_py/my_first_package_msgs/my_first_package_msgs_s__rosidl_typesupport_c.so\x1b[0m\n'}
[6.538583] (my_first_package_msgs) StdoutLine: {'line': b'[100%] \x1b[32m\x1b[1mLinking C shared module rosidl_generator_py/my_first_package_msgs/my_first_package_msgs_s__rosidl_typesupport_introspection_c.so\x1b[0m\n'}
[6.544979] (my_first_package_msgs) StdoutLine: {'line': b'[100%] Built target my_first_package_msgs_s__rosidl_typesupport_fastrtps_c\n'}
[6.548815] (-) TimerEvent: {}
[6.581155] (my_first_package_msgs) StdoutLine: {'line': b'[100%] Built target my_first_package_msgs_s__rosidl_typesupport_c\n'}
[6.581456] (my_first_package_msgs) StdoutLine: {'line': b'[100%] Built target my_first_package_msgs_s__rosidl_typesupport_introspection_c\n'}
[6.601907] (my_first_package_msgs) CommandEnded: {'returncode': 0}
[6.602729] (my_first_package_msgs) JobProgress: {'identifier': 'my_first_package_msgs', 'progress': 'install'}
[6.614459] (my_first_package_msgs) Command: {'cmd': ['/usr/bin/cmake', '--install', '/home/tm/dev_ws/ros_c++/build/my_first_package_msgs'], 'cwd': '/home/tm/dev_ws/ros_c++/build/my_first_package_msgs', 'env': OrderedDict({'GJS_DEBUG_TOPICS': 'JS ERROR;JS LOG', 'LESSOPEN': '| /usr/bin/lesspipe %s', 'USER': 'tm', 'LC_TIME': 'en_US.UTF-8', 'GZ_CONFIG_PATH': '/opt/ros/jazzy/opt/sdformat_vendor/share/gz', 'XDG_SESSION_TYPE': 'x11', 'GIT_ASKPASS': '/usr/share/code/resources/app/extensions/git/dist/askpass.sh', 'CLUTTER_DISABLE_MIPMAPPED_TEXT': '1', 'SHLVL': '2', 'LD_LIBRARY_PATH': '/home/tm/dev_ws/ros_c++/install/my_first_package_msgs/lib:/opt/ros/jazzy/opt/sdformat_vendor/lib:/opt/ros/jazzy/opt/rviz_ogre_vendor/lib:/opt/ros/jazzy/lib/x86_64-linux-gnu:/opt/ros/jazzy/opt/gz_math_vendor/lib:/opt/ros/jazzy/opt/gz_utils_vendor/lib:/opt/ros/jazzy/opt/gz_tools_vendor/lib:/opt/ros/jazzy/opt/gz_cmake_vendor/lib:/opt/ros/jazzy/lib', 'HOME': '/home/tm', 'CHROME_DESKTOP': 'code.desktop', 'TERM_PROGRAM_VERSION': '1.99.2', 'DESKTOP_SESSION': 'ubuntu', 'GIO_LAUNCHED_DESKTOP_FILE': '/usr/share/applications/terminator.desktop', 'ROS_PYTHON_VERSION': '3', 'GNOME_SHELL_SESSION_MODE': 'ubuntu', 'GTK_MODULES': 'gail:atk-bridge', 'VSCODE_GIT_ASKPASS_MAIN': '/usr/share/code/resources/app/extensions/git/dist/askpass-main.js', 'PS1': '\\[\x1b]633;A\x07\\](ros) \\[\x1b]633;A\x07\\]\\[\\e[1;34m\\](ID: ${ROS_DOMAIN_ID:-0})\\[\\e[1;32m\\]\\u\\[\\e[0m\\]:\\[\\e[1;34m\\]\\w\\[\\e[0m\\]$ \\[\x1b]633;B\x07\\]\\[\x1b]633;B\x07\\]', 'LC_MONETARY': 'en_US.UTF-8', 'VSCODE_GIT_ASKPASS_NODE': '/usr/share/code/code', 'MANAGERPID': '2401', 'SYSTEMD_EXEC_PID': '2847', 'GSM_SKIP_SSH_AGENT_WORKAROUND': 'true', 'DBUS_SESSION_BUS_ADDRESS': 'unix:path=/run/user/1000/bus', 'COLORTERM': 'truecolor', 'TERMINATOR_DBUS_NAME': 'net.tenshu.Terminator23558193cd9818af7fe4d2c2f5bd9d00f', 'GIO_LAUNCHED_DESKTOP_FILE_PID': '3572', 'DEBUGINFOD_URLS': 'https://debuginfod.ubuntu.com', 'COLCON_PREFIX_PATH': '/home/tm/dev_ws/ros_c++/install', 'ROS_DISTRO': 'jazzy', 'LOGNAME': 'tm', 'JOURNAL_STREAM': '9:19830', '_': '/usr/bin/colcon', 'ROS_VERSION': '2', 'MEMORY_PRESSURE_WATCH': '/sys/fs/cgroup/user.slice/user-1000.slice/user@1000.service/session.slice/org.gnome.Shell@x11.service/memory.pressure', 'XDG_SESSION_CLASS': 'user', 'USERNAME': 'tm', 'TERM': 'xterm-256color', 'GNOME_DESKTOP_SESSION_ID': 'this-is-deprecated', 'ROS_LOCALHOST_ONLY': '1', 'WINDOWPATH': '2', 'PATH': '/home/tm/venv/ros/bin:/opt/ros/jazzy/opt/gz_tools_vendor/bin:/opt/ros/jazzy/bin:/home/tm/venv/ros/bin:/home/tm/.local/bin:/usr/local/sbin:/usr/local/bin:/usr/sbin:/usr/bin:/sbin:/bin:/usr/games:/usr/local/games:/snap/bin:/snap/bin', 'SESSION_MANAGER': 'local/tm-GF65-Thin-10UE:@/tmp/.ICE-unix/2802,unix/tm-GF65-Thin-10UE:/tmp/.ICE-unix/2802', 'INVOCATION_ID': '0276fcb0caae4839add7e45e8113f0ee', 'PAPERSIZE': 'letter', 'XDG_MENU_PREFIX': 'gnome-', 'LC_ADDRESS': 'en_US.UTF-8', 'XDG_RUNTIME_DIR': '/run/user/1000', 'GDK_BACKEND': 'x11', 'DISPLAY': ':1', 'TERMINATOR_DBUS_PATH': '/net/tenshu/Terminator2', 'LANG': 'en_US.UTF-8', 'XDG_CURRENT_DESKTOP': 'Unity', 'LC_TELEPHONE': 'en_US.UTF-8', 'VIRTUAL_ENV_PROMPT': '(ros)', 'XMODIFIERS': '@im=ibus', 'XDG_SESSION_DESKTOP': 'ubuntu', 'XAUTHORITY': '/run/user/1000/gdm/Xauthority', 'LS_COLORS': 'rs=0:di=01;34:ln=01;36:mh=00:pi=40;33:so=01;35:do=01;35:bd=40;33;01:cd=40;33;01:or=40;31;01:mi=00:su=37;41:sg=30;43:ca=00:tw=30;42:ow=34;42:st=37;44:ex=01;32:*.tar=01;31:*.tgz=01;31:*.arc=01;31:*.arj=01;31:*.taz=01;31:*.lha=01;31:*.lz4=01;31:*.lzh=01;31:*.lzma=01;31:*.tlz=01;31:*.txz=01;31:*.tzo=01;31:*.t7z=01;31:*.zip=01;31:*.z=01;31:*.dz=01;31:*.gz=01;31:*.lrz=01;31:*.lz=01;31:*.lzo=01;31:*.xz=01;31:*.zst=01;31:*.tzst=01;31:*.bz2=01;31:*.bz=01;31:*.tbz=01;31:*.tbz2=01;31:*.tz=01;31:*.deb=01;31:*.rpm=01;31:*.jar=01;31:*.war=01;31:*.ear=01;31:*.sar=01;31:*.rar=01;31:*.alz=01;31:*.ace=01;31:*.zoo=01;31:*.cpio=01;31:*.7z=01;31:*.rz=01;31:*.cab=01;31:*.wim=01;31:*.swm=01;31:*.dwm=01;31:*.esd=01;31:*.avif=01;35:*.jpg=01;35:*.jpeg=01;35:*.mjpg=01;35:*.mjpeg=01;35:*.gif=01;35:*.bmp=01;35:*.pbm=01;35:*.pgm=01;35:*.ppm=01;35:*.tga=01;35:*.xbm=01;35:*.xpm=01;35:*.tif=01;35:*.tiff=01;35:*.png=01;35:*.svg=01;35:*.svgz=01;35:*.mng=01;35:*.pcx=01;35:*.mov=01;35:*.mpg=01;35:*.mpeg=01;35:*.m2v=01;35:*.mkv=01;35:*.webm=01;35:*.webp=01;35:*.ogm=01;35:*.mp4=01;35:*.m4v=01;35:*.mp4v=01;35:*.vob=01;35:*.qt=01;35:*.nuv=01;35:*.wmv=01;35:*.asf=01;35:*.rm=01;35:*.rmvb=01;35:*.flc=01;35:*.avi=01;35:*.fli=01;35:*.flv=01;35:*.gl=01;35:*.dl=01;35:*.xcf=01;35:*.xwd=01;35:*.yuv=01;35:*.cgm=01;35:*.emf=01;35:*.ogv=01;35:*.ogx=01;35:*.aac=00;36:*.au=00;36:*.flac=00;36:*.m4a=00;36:*.mid=00;36:*.midi=00;36:*.mka=00;36:*.mp3=00;36:*.mpc=00;36:*.ogg=00;36:*.ra=00;36:*.wav=00;36:*.oga=00;36:*.opus=00;36:*.spx=00;36:*.xspf=00;36:*~=00;90:*#=00;90:*.bak=00;90:*.crdownload=00;90:*.dpkg-dist=00;90:*.dpkg-new=00;90:*.dpkg-old=00;90:*.dpkg-tmp=00;90:*.old=00;90:*.orig=00;90:*.part=00;90:*.rej=00;90:*.rpmnew=00;90:*.rpmorig=00;90:*.rpmsave=00;90:*.swp=00;90:*.tmp=00;90:*.ucf-dist=00;90:*.ucf-new=00;90:*.ucf-old=00;90:', 'VSCODE_GIT_IPC_HANDLE': '/run/user/1000/vscode-git-d53cea2ef5.sock', 'TERM_PROGRAM': 'vscode', 'SSH_AUTH_SOCK': '/run/user/1000/keyring/ssh', 'ROS_DOMAIN_ID': '07', 'AMENT_PREFIX_PATH': '/home/tm/dev_ws/ros_c++/install/my_first_package_msgs:/home/tm/dev_ws/ros_c++/install/my_first_package:/opt/ros/jazzy', 'ORIGINAL_XDG_CURRENT_DESKTOP': 'ubuntu:GNOME', 'SHELL': '/bin/bash', 'LC_NAME': 'en_US.UTF-8', 'TERMINATOR_UUID': 'urn:uuid:c9ecbc80-1e29-462c-bd49-f35458b546be', 'QT_ACCESSIBILITY': '1', 'GDMSESSION': 'ubuntu', 'LESSCLOSE': '/usr/bin/lesspipe %s %s', 'LC_MEASUREMENT': 'en_US.UTF-8', 'GPG_AGENT_INFO': '/run/user/1000/gnupg/S.gpg-agent:0:1', 'GJS_DEBUG_OUTPUT': 'stderr', 'LC_IDENTIFICATION': 'en_US.UTF-8', 'VIRTUAL_ENV': '/home/tm/venv/ros', 'ROS_AUTOMATIC_DISCOVERY_RANGE': 'SUBNET', 'VSCODE_GIT_ASKPASS_EXTRA_ARGS': '', 'QT_IM_MODULE': 'ibus', 'PWD': '/home/tm/dev_ws/ros_c++/build/my_first_package_msgs', 'LC_ALL': 'en_US.UTF-8', 'XDG_CONFIG_DIRS': '/etc/xdg/xdg-ubuntu:/etc/xdg', 'XDG_DATA_DIRS': '/usr/share/ubuntu:/usr/share/gnome:/usr/local/share/:/usr/share/:/var/lib/snapd/desktop', 'QTWEBENGINE_DICTIONARIES_PATH': '/usr/share/hunspell-bdic/', 'PYTHONPATH': '/home/tm/dev_ws/ros_c++/install/my_first_package_msgs/lib/python3.12/site-packages:/opt/ros/jazzy/lib/python3.12/site-packages', 'LC_NUMERIC': 'en_US.UTF-8', 'LC_PAPER': 'en_US.UTF-8', 'COLCON': '1', 'MEMORY_PRESSURE_WRITE': 'c29tZSAyMDAwMDAgMjAwMDAwMAA=', 'VTE_VERSION': '7600', 'CMAKE_PREFIX_PATH': '/home/tm/dev_ws/ros_c++/install/my_first_package_msgs:/home/tm/dev_ws/ros_c++/install/my_first_package:/opt/ros/jazzy/opt/sdformat_vendor:/opt/ros/jazzy/opt/gz_math_vendor:/opt/ros/jazzy/opt/gz_utils_vendor:/opt/ros/jazzy/opt/gz_tools_vendor:/opt/ros/jazzy/opt/gz_cmake_vendor:/opt/ros/jazzy'}), 'shell': False}
[6.623889] (my_first_package_msgs) StdoutLine: {'line': b'-- Install configuration: ""\n'}
[6.624218] (my_first_package_msgs) StdoutLine: {'line': b'-- Installing: /home/tm/dev_ws/ros_c++/install/my_first_package_msgs/share/ament_index/resource_index/rosidl_interfaces/my_first_package_msgs\n'}
[6.624503] (my_first_package_msgs) StdoutLine: {'line': b'-- Installing: /home/tm/dev_ws/ros_c++/install/my_first_package_msgs/share/my_first_package_msgs/msg/CmdAndPoseVel.json\n'}
[6.624708] (my_first_package_msgs) StdoutLine: {'line': b'-- Installing: /home/tm/dev_ws/ros_c++/install/my_first_package_msgs/include/my_first_package_msgs/my_first_package_msgs\n'}
[6.624925] (my_first_package_msgs) StdoutLine: {'line': b'-- Installing: /home/tm/dev_ws/ros_c++/install/my_first_package_msgs/include/my_first_package_msgs/my_first_package_msgs/msg\n'}
[6.625070] (my_first_package_msgs) StdoutLine: {'line': b'-- Installing: /home/tm/dev_ws/ros_c++/install/my_first_package_msgs/include/my_first_package_msgs/my_first_package_msgs/msg/detail\n'}
[6.625216] (my_first_package_msgs) StdoutLine: {'line': b'-- Installing: /home/tm/dev_ws/ros_c++/install/my_first_package_msgs/include/my_first_package_msgs/my_first_package_msgs/msg/detail/cmd_and_pose_vel__type_support.c\n'}
[6.625473] (my_first_package_msgs) StdoutLine: {'line': b'-- Installing: /home/tm/dev_ws/ros_c++/install/my_first_package_msgs/include/my_first_package_msgs/my_first_package_msgs/msg/detail/cmd_and_pose_vel__type_support.h\n'}
[6.625619] (my_first_package_msgs) StdoutLine: {'line': b'-- Installing: /home/tm/dev_ws/ros_c++/install/my_first_package_msgs/include/my_first_package_msgs/my_first_package_msgs/msg/detail/cmd_and_pose_vel__functions.h\n'}
[6.625763] (my_first_package_msgs) StdoutLine: {'line': b'-- Installing: /home/tm/dev_ws/ros_c++/install/my_first_package_msgs/include/my_first_package_msgs/my_first_package_msgs/msg/detail/cmd_and_pose_vel__description.c\n'}
[6.625900] (my_first_package_msgs) StdoutLine: {'line': b'-- Installing: /home/tm/dev_ws/ros_c++/install/my_first_package_msgs/include/my_first_package_msgs/my_first_package_msgs/msg/detail/cmd_and_pose_vel__struct.h\n'}
[6.626037] (my_first_package_msgs) StdoutLine: {'line': b'-- Installing: /home/tm/dev_ws/ros_c++/install/my_first_package_msgs/include/my_first_package_msgs/my_first_package_msgs/msg/detail/cmd_and_pose_vel__functions.c\n'}
[6.626174] (my_first_package_msgs) StdoutLine: {'line': b'-- Installing: /home/tm/dev_ws/ros_c++/install/my_first_package_msgs/include/my_first_package_msgs/my_first_package_msgs/msg/cmd_and_pose_vel.h\n'}
[6.626330] (my_first_package_msgs) StdoutLine: {'line': b'-- Installing: /home/tm/dev_ws/ros_c++/install/my_first_package_msgs/include/my_first_package_msgs/my_first_package_msgs/msg/rosidl_generator_c__visibility_control.h\n'}
[6.626776] (my_first_package_msgs) StdoutLine: {'line': b'-- Installing: /home/tm/dev_ws/ros_c++/install/my_first_package_msgs/share/my_first_package_msgs/environment/library_path.sh\n'}
[6.626960] (my_first_package_msgs) StdoutLine: {'line': b'-- Installing: /home/tm/dev_ws/ros_c++/install/my_first_package_msgs/share/my_first_package_msgs/environment/library_path.dsv\n'}
[6.627104] (my_first_package_msgs) StdoutLine: {'line': b'-- Installing: /home/tm/dev_ws/ros_c++/install/my_first_package_msgs/lib/libmy_first_package_msgs__rosidl_generator_c.so\n'}
[6.627493] (my_first_package_msgs) StdoutLine: {'line': b'-- Set non-toolchain portion of runtime path of "/home/tm/dev_ws/ros_c++/install/my_first_package_msgs/lib/libmy_first_package_msgs__rosidl_generator_c.so" to ""\n'}
[6.627701] (my_first_package_msgs) StdoutLine: {'line': b'-- Up-to-date: /home/tm/dev_ws/ros_c++/install/my_first_package_msgs/include/my_first_package_msgs/my_first_package_msgs\n'}
[6.627895] (my_first_package_msgs) StdoutLine: {'line': b'-- Up-to-date: /home/tm/dev_ws/ros_c++/install/my_first_package_msgs/include/my_first_package_msgs/my_first_package_msgs/msg\n'}
[6.628032] (my_first_package_msgs) StdoutLine: {'line': b'-- Installing: /home/tm/dev_ws/ros_c++/install/my_first_package_msgs/include/my_first_package_msgs/my_first_package_msgs/msg/rosidl_typesupport_fastrtps_c__visibility_control.h\n'}
[6.628260] (my_first_package_msgs) StdoutLine: {'line': b'-- Up-to-date: /home/tm/dev_ws/ros_c++/install/my_first_package_msgs/include/my_first_package_msgs/my_first_package_msgs/msg/detail\n'}
[6.628460] (my_first_package_msgs) StdoutLine: {'line': b'-- Installing: /home/tm/dev_ws/ros_c++/install/my_first_package_msgs/include/my_first_package_msgs/my_first_package_msgs/msg/detail/cmd_and_pose_vel__rosidl_typesupport_fastrtps_c.h\n'}
[6.628592] (my_first_package_msgs) StdoutLine: {'line': b'-- Installing: /home/tm/dev_ws/ros_c++/install/my_first_package_msgs/lib/libmy_first_package_msgs__rosidl_typesupport_fastrtps_c.so\n'}
[6.628882] (my_first_package_msgs) StdoutLine: {'line': b'-- Set non-toolchain portion of runtime path of "/home/tm/dev_ws/ros_c++/install/my_first_package_msgs/lib/libmy_first_package_msgs__rosidl_typesupport_fastrtps_c.so" to ""\n'}
[6.629081] (my_first_package_msgs) StdoutLine: {'line': b'-- Up-to-date: /home/tm/dev_ws/ros_c++/install/my_first_package_msgs/include/my_first_package_msgs/my_first_package_msgs\n'}
[6.629318] (my_first_package_msgs) StdoutLine: {'line': b'-- Up-to-date: /home/tm/dev_ws/ros_c++/install/my_first_package_msgs/include/my_first_package_msgs/my_first_package_msgs/msg\n'}
[6.629510] (my_first_package_msgs) StdoutLine: {'line': b'-- Up-to-date: /home/tm/dev_ws/ros_c++/install/my_first_package_msgs/include/my_first_package_msgs/my_first_package_msgs/msg/detail\n'}
[6.629641] (my_first_package_msgs) StdoutLine: {'line': b'-- Up-to-date: /home/tm/dev_ws/ros_c++/install/my_first_package_msgs/include/my_first_package_msgs/my_first_package_msgs/msg/detail/cmd_and_pose_vel__type_support.c\n'}
[6.629772] (my_first_package_msgs) StdoutLine: {'line': b'-- Installing: /home/tm/dev_ws/ros_c++/install/my_first_package_msgs/include/my_first_package_msgs/my_first_package_msgs/msg/detail/cmd_and_pose_vel__rosidl_typesupport_introspection_c.h\n'}
[6.629903] (my_first_package_msgs) StdoutLine: {'line': b'-- Installing: /home/tm/dev_ws/ros_c++/install/my_first_package_msgs/include/my_first_package_msgs/my_first_package_msgs/msg/rosidl_typesupport_introspection_c__visibility_control.h\n'}
[6.630048] (my_first_package_msgs) StdoutLine: {'line': b'-- Installing: /home/tm/dev_ws/ros_c++/install/my_first_package_msgs/lib/libmy_first_package_msgs__rosidl_typesupport_introspection_c.so\n'}
[6.630178] (my_first_package_msgs) StdoutLine: {'line': b'-- Set non-toolchain portion of runtime path of "/home/tm/dev_ws/ros_c++/install/my_first_package_msgs/lib/libmy_first_package_msgs__rosidl_typesupport_introspection_c.so" to ""\n'}
[6.630369] (my_first_package_msgs) StdoutLine: {'line': b'-- Installing: /home/tm/dev_ws/ros_c++/install/my_first_package_msgs/lib/libmy_first_package_msgs__rosidl_typesupport_c.so\n'}
[6.630513] (my_first_package_msgs) StdoutLine: {'line': b'-- Set non-toolchain portion of runtime path of "/home/tm/dev_ws/ros_c++/install/my_first_package_msgs/lib/libmy_first_package_msgs__rosidl_typesupport_c.so" to ""\n'}
[6.630652] (my_first_package_msgs) StdoutLine: {'line': b'-- Up-to-date: /home/tm/dev_ws/ros_c++/install/my_first_package_msgs/include/my_first_package_msgs/my_first_package_msgs\n'}
[6.630787] (my_first_package_msgs) StdoutLine: {'line': b'-- Up-to-date: /home/tm/dev_ws/ros_c++/install/my_first_package_msgs/include/my_first_package_msgs/my_first_package_msgs/msg\n'}
[6.630924] (my_first_package_msgs) StdoutLine: {'line': b'-- Up-to-date: /home/tm/dev_ws/ros_c++/install/my_first_package_msgs/include/my_first_package_msgs/my_first_package_msgs/msg/detail\n'}
[6.631056] (my_first_package_msgs) StdoutLine: {'line': b'-- Installing: /home/tm/dev_ws/ros_c++/install/my_first_package_msgs/include/my_first_package_msgs/my_first_package_msgs/msg/detail/cmd_and_pose_vel__type_support.hpp\n'}
[6.631190] (my_first_package_msgs) StdoutLine: {'line': b'-- Installing: /home/tm/dev_ws/ros_c++/install/my_first_package_msgs/include/my_first_package_msgs/my_first_package_msgs/msg/detail/cmd_and_pose_vel__traits.hpp\n'}
[6.631446] (my_first_package_msgs) StdoutLine: {'line': b'-- Installing: /home/tm/dev_ws/ros_c++/install/my_first_package_msgs/include/my_first_package_msgs/my_first_package_msgs/msg/detail/cmd_and_pose_vel__builder.hpp\n'}
[6.631596] (my_first_package_msgs) StdoutLine: {'line': b'-- Installing: /home/tm/dev_ws/ros_c++/install/my_first_package_msgs/include/my_first_package_msgs/my_first_package_msgs/msg/detail/cmd_and_pose_vel__struct.hpp\n'}
[6.631732] (my_first_package_msgs) StdoutLine: {'line': b'-- Installing: /home/tm/dev_ws/ros_c++/install/my_first_package_msgs/include/my_first_package_msgs/my_first_package_msgs/msg/cmd_and_pose_vel.hpp\n'}
[6.631868] (my_first_package_msgs) StdoutLine: {'line': b'-- Installing: /home/tm/dev_ws/ros_c++/install/my_first_package_msgs/include/my_first_package_msgs/my_first_package_msgs/msg/rosidl_generator_cpp__visibility_control.hpp\n'}
[6.632003] (my_first_package_msgs) StdoutLine: {'line': b'-- Up-to-date: /home/tm/dev_ws/ros_c++/install/my_first_package_msgs/include/my_first_package_msgs/my_first_package_msgs\n'}
[6.632133] (my_first_package_msgs) StdoutLine: {'line': b'-- Up-to-date: /home/tm/dev_ws/ros_c++/install/my_first_package_msgs/include/my_first_package_msgs/my_first_package_msgs/msg\n'}
[6.632342] (my_first_package_msgs) StdoutLine: {'line': b'-- Up-to-date: /home/tm/dev_ws/ros_c++/install/my_first_package_msgs/include/my_first_package_msgs/my_first_package_msgs/msg/detail\n'}
[6.632482] (my_first_package_msgs) StdoutLine: {'line': b'-- Installing: /home/tm/dev_ws/ros_c++/install/my_first_package_msgs/include/my_first_package_msgs/my_first_package_msgs/msg/detail/dds_fastrtps\n'}
[6.632616] (my_first_package_msgs) StdoutLine: {'line': b'-- Installing: /home/tm/dev_ws/ros_c++/install/my_first_package_msgs/include/my_first_package_msgs/my_first_package_msgs/msg/detail/cmd_and_pose_vel__rosidl_typesupport_fastrtps_cpp.hpp\n'}
[6.632752] (my_first_package_msgs) StdoutLine: {'line': b'-- Installing: /home/tm/dev_ws/ros_c++/install/my_first_package_msgs/include/my_first_package_msgs/my_first_package_msgs/msg/rosidl_typesupport_fastrtps_cpp__visibility_control.h\n'}
[6.632885] (my_first_package_msgs) StdoutLine: {'line': b'-- Installing: /home/tm/dev_ws/ros_c++/install/my_first_package_msgs/lib/libmy_first_package_msgs__rosidl_typesupport_fastrtps_cpp.so\n'}
[6.633021] (my_first_package_msgs) StdoutLine: {'line': b'-- Set non-toolchain portion of runtime path of "/home/tm/dev_ws/ros_c++/install/my_first_package_msgs/lib/libmy_first_package_msgs__rosidl_typesupport_fastrtps_cpp.so" to ""\n'}
[6.633156] (my_first_package_msgs) StdoutLine: {'line': b'-- Up-to-date: /home/tm/dev_ws/ros_c++/install/my_first_package_msgs/include/my_first_package_msgs/my_first_package_msgs\n'}
[6.633369] (my_first_package_msgs) StdoutLine: {'line': b'-- Up-to-date: /home/tm/dev_ws/ros_c++/install/my_first_package_msgs/include/my_first_package_msgs/my_first_package_msgs/msg\n'}
[6.633562] (my_first_package_msgs) StdoutLine: {'line': b'-- Up-to-date: /home/tm/dev_ws/ros_c++/install/my_first_package_msgs/include/my_first_package_msgs/my_first_package_msgs/msg/detail\n'}
[6.633699] (my_first_package_msgs) StdoutLine: {'line': b'-- Installing: /home/tm/dev_ws/ros_c++/install/my_first_package_msgs/include/my_first_package_msgs/my_first_package_msgs/msg/detail/cmd_and_pose_vel__rosidl_typesupport_introspection_cpp.hpp\n'}
[6.633833] (my_first_package_msgs) StdoutLine: {'line': b'-- Installing: /home/tm/dev_ws/ros_c++/install/my_first_package_msgs/include/my_first_package_msgs/my_first_package_msgs/msg/detail/cmd_and_pose_vel__type_support.cpp\n'}
[6.633964] (my_first_package_msgs) StdoutLine: {'line': b'-- Installing: /home/tm/dev_ws/ros_c++/install/my_first_package_msgs/lib/libmy_first_package_msgs__rosidl_typesupport_introspection_cpp.so\n'}
[6.634095] (my_first_package_msgs) StdoutLine: {'line': b'-- Set non-toolchain portion of runtime path of "/home/tm/dev_ws/ros_c++/install/my_first_package_msgs/lib/libmy_first_package_msgs__rosidl_typesupport_introspection_cpp.so" to ""\n'}
[6.634337] (my_first_package_msgs) StdoutLine: {'line': b'-- Installing: /home/tm/dev_ws/ros_c++/install/my_first_package_msgs/lib/libmy_first_package_msgs__rosidl_typesupport_cpp.so\n'}
[6.634487] (my_first_package_msgs) StdoutLine: {'line': b'-- Set non-toolchain portion of runtime path of "/home/tm/dev_ws/ros_c++/install/my_first_package_msgs/lib/libmy_first_package_msgs__rosidl_typesupport_cpp.so" to ""\n'}
[6.634624] (my_first_package_msgs) StdoutLine: {'line': b'-- Installing: /home/tm/dev_ws/ros_c++/install/my_first_package_msgs/share/my_first_package_msgs/environment/pythonpath.sh\n'}
[6.634758] (my_first_package_msgs) StdoutLine: {'line': b'-- Installing: /home/tm/dev_ws/ros_c++/install/my_first_package_msgs/share/my_first_package_msgs/environment/pythonpath.dsv\n'}
[6.634895] (my_first_package_msgs) StdoutLine: {'line': b'-- Installing: /home/tm/dev_ws/ros_c++/install/my_first_package_msgs/lib/python3.12/site-packages/my_first_package_msgs-0.0.0-py3.12.egg-info\n'}
[6.635030] (my_first_package_msgs) StdoutLine: {'line': b'-- Installing: /home/tm/dev_ws/ros_c++/install/my_first_package_msgs/lib/python3.12/site-packages/my_first_package_msgs-0.0.0-py3.12.egg-info/PKG-INFO\n'}
[6.635174] (my_first_package_msgs) StdoutLine: {'line': b'-- Installing: /home/tm/dev_ws/ros_c++/install/my_first_package_msgs/lib/python3.12/site-packages/my_first_package_msgs-0.0.0-py3.12.egg-info/top_level.txt\n'}
[6.635379] (my_first_package_msgs) StdoutLine: {'line': b'-- Installing: /home/tm/dev_ws/ros_c++/install/my_first_package_msgs/lib/python3.12/site-packages/my_first_package_msgs-0.0.0-py3.12.egg-info/SOURCES.txt\n'}
[6.635521] (my_first_package_msgs) StdoutLine: {'line': b'-- Installing: /home/tm/dev_ws/ros_c++/install/my_first_package_msgs/lib/python3.12/site-packages/my_first_package_msgs-0.0.0-py3.12.egg-info/dependency_links.txt\n'}
[6.635650] (my_first_package_msgs) StdoutLine: {'line': b'-- Installing: /home/tm/dev_ws/ros_c++/install/my_first_package_msgs/lib/python3.12/site-packages/my_first_package_msgs\n'}
[6.635779] (my_first_package_msgs) StdoutLine: {'line': b'-- Installing: /home/tm/dev_ws/ros_c++/install/my_first_package_msgs/lib/python3.12/site-packages/my_first_package_msgs/my_first_package_msgs_s__rosidl_typesupport_fastrtps_c.so\n'}
[6.635909] (my_first_package_msgs) StdoutLine: {'line': b'-- Installing: /home/tm/dev_ws/ros_c++/install/my_first_package_msgs/lib/python3.12/site-packages/my_first_package_msgs/_my_first_package_msgs_s.ep.rosidl_typesupport_introspection_c.c\n'}
[6.636042] (my_first_package_msgs) StdoutLine: {'line': b'-- Installing: /home/tm/dev_ws/ros_c++/install/my_first_package_msgs/lib/python3.12/site-packages/my_first_package_msgs/_my_first_package_msgs_s.ep.rosidl_typesupport_c.c\n'}
[6.636167] (my_first_package_msgs) StdoutLine: {'line': b'-- Installing: /home/tm/dev_ws/ros_c++/install/my_first_package_msgs/lib/python3.12/site-packages/my_first_package_msgs/my_first_package_msgs_s__rosidl_typesupport_introspection_c.so\n'}
[6.636307] (my_first_package_msgs) StdoutLine: {'line': b'-- Installing: /home/tm/dev_ws/ros_c++/install/my_first_package_msgs/lib/python3.12/site-packages/my_first_package_msgs/_my_first_package_msgs_s.ep.rosidl_typesupport_fastrtps_c.c\n'}
[6.636441] (my_first_package_msgs) StdoutLine: {'line': b'-- Installing: /home/tm/dev_ws/ros_c++/install/my_first_package_msgs/lib/python3.12/site-packages/my_first_package_msgs/msg\n'}
[6.636571] (my_first_package_msgs) StdoutLine: {'line': b'-- Installing: /home/tm/dev_ws/ros_c++/install/my_first_package_msgs/lib/python3.12/site-packages/my_first_package_msgs/msg/_cmd_and_pose_vel_s.c\n'}
[6.636702] (my_first_package_msgs) StdoutLine: {'line': b'-- Installing: /home/tm/dev_ws/ros_c++/install/my_first_package_msgs/lib/python3.12/site-packages/my_first_package_msgs/msg/_cmd_and_pose_vel.py\n'}
[6.636831] (my_first_package_msgs) StdoutLine: {'line': b'-- Installing: /home/tm/dev_ws/ros_c++/install/my_first_package_msgs/lib/python3.12/site-packages/my_first_package_msgs/msg/__init__.py\n'}
[6.636960] (my_first_package_msgs) StdoutLine: {'line': b'-- Installing: /home/tm/dev_ws/ros_c++/install/my_first_package_msgs/lib/python3.12/site-packages/my_first_package_msgs/__init__.py\n'}
[6.637084] (my_first_package_msgs) StdoutLine: {'line': b'-- Installing: /home/tm/dev_ws/ros_c++/install/my_first_package_msgs/lib/python3.12/site-packages/my_first_package_msgs/my_first_package_msgs_s__rosidl_typesupport_c.so\n'}
[6.648909] (-) TimerEvent: {}
[6.678358] (my_first_package_msgs) StdoutLine: {'line': b"Listing '/home/tm/dev_ws/ros_c++/install/my_first_package_msgs/lib/python3.12/site-packages/my_first_package_msgs'...\n"}
[6.678649] (my_first_package_msgs) StdoutLine: {'line': b"Compiling '/home/tm/dev_ws/ros_c++/install/my_first_package_msgs/lib/python3.12/site-packages/my_first_package_msgs/__init__.py'...\n"}
[6.678804] (my_first_package_msgs) StdoutLine: {'line': b"Listing '/home/tm/dev_ws/ros_c++/install/my_first_package_msgs/lib/python3.12/site-packages/my_first_package_msgs/msg'...\n"}
[6.678937] (my_first_package_msgs) StdoutLine: {'line': b"Compiling '/home/tm/dev_ws/ros_c++/install/my_first_package_msgs/lib/python3.12/site-packages/my_first_package_msgs/msg/__init__.py'...\n"}
[6.679065] (my_first_package_msgs) StdoutLine: {'line': b"Compiling '/home/tm/dev_ws/ros_c++/install/my_first_package_msgs/lib/python3.12/site-packages/my_first_package_msgs/msg/_cmd_and_pose_vel.py'...\n"}
[6.685416] (my_first_package_msgs) StdoutLine: {'line': b'-- Installing: /home/tm/dev_ws/ros_c++/install/my_first_package_msgs/lib/python3.12/site-packages/my_first_package_msgs/my_first_package_msgs_s__rosidl_typesupport_fastrtps_c.so\n'}
[6.685817] (my_first_package_msgs) StdoutLine: {'line': b'-- Set non-toolchain portion of runtime path of "/home/tm/dev_ws/ros_c++/install/my_first_package_msgs/lib/python3.12/site-packages/my_first_package_msgs/my_first_package_msgs_s__rosidl_typesupport_fastrtps_c.so" to ""\n'}
[6.686031] (my_first_package_msgs) StdoutLine: {'line': b'-- Installing: /home/tm/dev_ws/ros_c++/install/my_first_package_msgs/lib/python3.12/site-packages/my_first_package_msgs/my_first_package_msgs_s__rosidl_typesupport_introspection_c.so\n'}
[6.686221] (my_first_package_msgs) StdoutLine: {'line': b'-- Set non-toolchain portion of runtime path of "/home/tm/dev_ws/ros_c++/install/my_first_package_msgs/lib/python3.12/site-packages/my_first_package_msgs/my_first_package_msgs_s__rosidl_typesupport_introspection_c.so" to ""\n'}
[6.686426] (my_first_package_msgs) StdoutLine: {'line': b'-- Installing: /home/tm/dev_ws/ros_c++/install/my_first_package_msgs/lib/python3.12/site-packages/my_first_package_msgs/my_first_package_msgs_s__rosidl_typesupport_c.so\n'}
[6.686604] (my_first_package_msgs) StdoutLine: {'line': b'-- Set non-toolchain portion of runtime path of "/home/tm/dev_ws/ros_c++/install/my_first_package_msgs/lib/python3.12/site-packages/my_first_package_msgs/my_first_package_msgs_s__rosidl_typesupport_c.so" to ""\n'}
[6.686785] (my_first_package_msgs) StdoutLine: {'line': b'-- Installing: /home/tm/dev_ws/ros_c++/install/my_first_package_msgs/lib/libmy_first_package_msgs__rosidl_generator_py.so\n'}
[6.687049] (my_first_package_msgs) StdoutLine: {'line': b'-- Set non-toolchain portion of runtime path of "/home/tm/dev_ws/ros_c++/install/my_first_package_msgs/lib/libmy_first_package_msgs__rosidl_generator_py.so" to ""\n'}
[6.687232] (my_first_package_msgs) StdoutLine: {'line': b'-- Installing: /home/tm/dev_ws/ros_c++/install/my_first_package_msgs/share/my_first_package_msgs/msg/CmdAndPoseVel.idl\n'}
[6.687434] (my_first_package_msgs) StdoutLine: {'line': b'-- Installing: /home/tm/dev_ws/ros_c++/install/my_first_package_msgs/share/my_first_package_msgs/msg/CmdAndPoseVel.msg\n'}
[6.687603] (my_first_package_msgs) StdoutLine: {'line': b'-- Installing: /home/tm/dev_ws/ros_c++/install/my_first_package_msgs/share/ament_index/resource_index/package_run_dependencies/my_first_package_msgs\n'}
[6.687765] (my_first_package_msgs) StdoutLine: {'line': b'-- Installing: /home/tm/dev_ws/ros_c++/install/my_first_package_msgs/share/ament_index/resource_index/parent_prefix_path/my_first_package_msgs\n'}
[6.687939] (my_first_package_msgs) StdoutLine: {'line': b'-- Installing: /home/tm/dev_ws/ros_c++/install/my_first_package_msgs/share/my_first_package_msgs/environment/ament_prefix_path.sh\n'}
[6.688100] (my_first_package_msgs) StdoutLine: {'line': b'-- Installing: /home/tm/dev_ws/ros_c++/install/my_first_package_msgs/share/my_first_package_msgs/environment/ament_prefix_path.dsv\n'}
[6.688281] (my_first_package_msgs) StdoutLine: {'line': b'-- Installing: /home/tm/dev_ws/ros_c++/install/my_first_package_msgs/share/my_first_package_msgs/environment/path.sh\n'}
[6.688482] (my_first_package_msgs) StdoutLine: {'line': b'-- Installing: /home/tm/dev_ws/ros_c++/install/my_first_package_msgs/share/my_first_package_msgs/environment/path.dsv\n'}
[6.688630] (my_first_package_msgs) StdoutLine: {'line': b'-- Installing: /home/tm/dev_ws/ros_c++/install/my_first_package_msgs/share/my_first_package_msgs/local_setup.bash\n'}
[6.688794] (my_first_package_msgs) StdoutLine: {'line': b'-- Installing: /home/tm/dev_ws/ros_c++/install/my_first_package_msgs/share/my_first_package_msgs/local_setup.sh\n'}
[6.688997] (my_first_package_msgs) StdoutLine: {'line': b'-- Installing: /home/tm/dev_ws/ros_c++/install/my_first_package_msgs/share/my_first_package_msgs/local_setup.zsh\n'}
[6.689151] (my_first_package_msgs) StdoutLine: {'line': b'-- Installing: /home/tm/dev_ws/ros_c++/install/my_first_package_msgs/share/my_first_package_msgs/local_setup.dsv\n'}
[6.689336] (my_first_package_msgs) StdoutLine: {'line': b'-- Installing: /home/tm/dev_ws/ros_c++/install/my_first_package_msgs/share/my_first_package_msgs/package.dsv\n'}
[6.689502] (my_first_package_msgs) StdoutLine: {'line': b'-- Installing: /home/tm/dev_ws/ros_c++/install/my_first_package_msgs/share/ament_index/resource_index/packages/my_first_package_msgs\n'}
[6.689635] (my_first_package_msgs) StdoutLine: {'line': b'-- Installing: /home/tm/dev_ws/ros_c++/install/my_first_package_msgs/share/my_first_package_msgs/cmake/export_my_first_package_msgs__rosidl_generator_cExport.cmake\n'}
[6.689766] (my_first_package_msgs) StdoutLine: {'line': b'-- Installing: /home/tm/dev_ws/ros_c++/install/my_first_package_msgs/share/my_first_package_msgs/cmake/export_my_first_package_msgs__rosidl_generator_cExport-noconfig.cmake\n'}
[6.689961] (my_first_package_msgs) StdoutLine: {'line': b'-- Installing: /home/tm/dev_ws/ros_c++/install/my_first_package_msgs/share/my_first_package_msgs/cmake/export_my_first_package_msgs__rosidl_typesupport_fastrtps_cExport.cmake\n'}
[6.690129] (my_first_package_msgs) StdoutLine: {'line': b'-- Installing: /home/tm/dev_ws/ros_c++/install/my_first_package_msgs/share/my_first_package_msgs/cmake/export_my_first_package_msgs__rosidl_typesupport_fastrtps_cExport-noconfig.cmake\n'}
[6.690274] (my_first_package_msgs) StdoutLine: {'line': b'-- Installing: /home/tm/dev_ws/ros_c++/install/my_first_package_msgs/share/my_first_package_msgs/cmake/my_first_package_msgs__rosidl_typesupport_introspection_cExport.cmake\n'}
[6.690486] (my_first_package_msgs) StdoutLine: {'line': b'-- Installing: /home/tm/dev_ws/ros_c++/install/my_first_package_msgs/share/my_first_package_msgs/cmake/my_first_package_msgs__rosidl_typesupport_introspection_cExport-noconfig.cmake\n'}
[6.690627] (my_first_package_msgs) StdoutLine: {'line': b'-- Installing: /home/tm/dev_ws/ros_c++/install/my_first_package_msgs/share/my_first_package_msgs/cmake/my_first_package_msgs__rosidl_typesupport_cExport.cmake\n'}
[6.690811] (my_first_package_msgs) StdoutLine: {'line': b'-- Installing: /home/tm/dev_ws/ros_c++/install/my_first_package_msgs/share/my_first_package_msgs/cmake/my_first_package_msgs__rosidl_typesupport_cExport-noconfig.cmake\n'}
[6.690949] (my_first_package_msgs) StdoutLine: {'line': b'-- Installing: /home/tm/dev_ws/ros_c++/install/my_first_package_msgs/share/my_first_package_msgs/cmake/export_my_first_package_msgs__rosidl_generator_cppExport.cmake\n'}
[6.691084] (my_first_package_msgs) StdoutLine: {'line': b'-- Installing: /home/tm/dev_ws/ros_c++/install/my_first_package_msgs/share/my_first_package_msgs/cmake/export_my_first_package_msgs__rosidl_typesupport_fastrtps_cppExport.cmake\n'}
[6.691217] (my_first_package_msgs) StdoutLine: {'line': b'-- Installing: /home/tm/dev_ws/ros_c++/install/my_first_package_msgs/share/my_first_package_msgs/cmake/export_my_first_package_msgs__rosidl_typesupport_fastrtps_cppExport-noconfig.cmake\n'}
[6.691449] (my_first_package_msgs) StdoutLine: {'line': b'-- Installing: /home/tm/dev_ws/ros_c++/install/my_first_package_msgs/share/my_first_package_msgs/cmake/my_first_package_msgs__rosidl_typesupport_introspection_cppExport.cmake\n'}
[6.691594] (my_first_package_msgs) StdoutLine: {'line': b'-- Installing: /home/tm/dev_ws/ros_c++/install/my_first_package_msgs/share/my_first_package_msgs/cmake/my_first_package_msgs__rosidl_typesupport_introspection_cppExport-noconfig.cmake\n'}
[6.691729] (my_first_package_msgs) StdoutLine: {'line': b'-- Installing: /home/tm/dev_ws/ros_c++/install/my_first_package_msgs/share/my_first_package_msgs/cmake/my_first_package_msgs__rosidl_typesupport_cppExport.cmake\n'}
[6.691866] (my_first_package_msgs) StdoutLine: {'line': b'-- Installing: /home/tm/dev_ws/ros_c++/install/my_first_package_msgs/share/my_first_package_msgs/cmake/my_first_package_msgs__rosidl_typesupport_cppExport-noconfig.cmake\n'}
[6.692011] (my_first_package_msgs) StdoutLine: {'line': b'-- Installing: /home/tm/dev_ws/ros_c++/install/my_first_package_msgs/share/my_first_package_msgs/cmake/export_my_first_package_msgs__rosidl_generator_pyExport.cmake\n'}
[6.692148] (my_first_package_msgs) StdoutLine: {'line': b'-- Installing: /home/tm/dev_ws/ros_c++/install/my_first_package_msgs/share/my_first_package_msgs/cmake/export_my_first_package_msgs__rosidl_generator_pyExport-noconfig.cmake\n'}
[6.692427] (my_first_package_msgs) StdoutLine: {'line': b'-- Installing: /home/tm/dev_ws/ros_c++/install/my_first_package_msgs/share/my_first_package_msgs/cmake/rosidl_cmake-extras.cmake\n'}
[6.692633] (my_first_package_msgs) StdoutLine: {'line': b'-- Installing: /home/tm/dev_ws/ros_c++/install/my_first_package_msgs/share/my_first_package_msgs/cmake/ament_cmake_export_include_directories-extras.cmake\n'}
[6.692776] (my_first_package_msgs) StdoutLine: {'line': b'-- Installing: /home/tm/dev_ws/ros_c++/install/my_first_package_msgs/share/my_first_package_msgs/cmake/ament_cmake_export_libraries-extras.cmake\n'}
[6.692916] (my_first_package_msgs) StdoutLine: {'line': b'-- Installing: /home/tm/dev_ws/ros_c++/install/my_first_package_msgs/share/my_first_package_msgs/cmake/ament_cmake_export_targets-extras.cmake\n'}
[6.693059] (my_first_package_msgs) StdoutLine: {'line': b'-- Installing: /home/tm/dev_ws/ros_c++/install/my_first_package_msgs/share/my_first_package_msgs/cmake/rosidl_cmake_export_typesupport_targets-extras.cmake\n'}
[6.693191] (my_first_package_msgs) StdoutLine: {'line': b'-- Installing: /home/tm/dev_ws/ros_c++/install/my_first_package_msgs/share/my_first_package_msgs/cmake/ament_cmake_export_dependencies-extras.cmake\n'}
[6.693390] (my_first_package_msgs) StdoutLine: {'line': b'-- Installing: /home/tm/dev_ws/ros_c++/install/my_first_package_msgs/share/my_first_package_msgs/cmake/rosidl_cmake_export_typesupport_libraries-extras.cmake\n'}
[6.693536] (my_first_package_msgs) StdoutLine: {'line': b'-- Installing: /home/tm/dev_ws/ros_c++/install/my_first_package_msgs/share/my_first_package_msgs/cmake/my_first_package_msgsConfig.cmake\n'}
[6.693667] (my_first_package_msgs) StdoutLine: {'line': b'-- Installing: /home/tm/dev_ws/ros_c++/install/my_first_package_msgs/share/my_first_package_msgs/cmake/my_first_package_msgsConfig-version.cmake\n'}
[6.693797] (my_first_package_msgs) StdoutLine: {'line': b'-- Installing: /home/tm/dev_ws/ros_c++/install/my_first_package_msgs/share/my_first_package_msgs/package.xml\n'}
[6.695059] (my_first_package_msgs) CommandEnded: {'returncode': 0}
[6.731058] (my_first_package_msgs) JobEnded: {'identifier': 'my_first_package_msgs', 'rc': 0}
[6.749025] (-) TimerEvent: {}
[6.849338] (-) TimerEvent: {}
[6.878035] (my_first_package) StdoutLine: {'line': b'[ 57%] \x1b[32m\x1b[1mLinking CXX executable client\x1b[0m\n'}
[6.949450] (-) TimerEvent: {}
[7.049785] (-) TimerEvent: {}
[7.076411] (my_first_package) StdoutLine: {'line': b'[ 57%] Built target client\n'}
[7.146620] (my_first_package) StdoutLine: {'line': b'[ 64%] \x1b[32m\x1b[1mLinking CXX executable server\x1b[0m\n'}
[7.149880] (-) TimerEvent: {}
[7.250186] (-) TimerEvent: {}
[7.308822] (my_first_package) StdoutLine: {'line': b'[ 64%] Built target server\n'}
[7.350300] (-) TimerEvent: {}
[7.450593] (-) TimerEvent: {}
[7.515705] (my_first_package) StderrLine: {'line': b'gmake[2]: *** [CMakeFiles/sub_pose.dir/build.make:76: CMakeFiles/sub_pose.dir/src/turtle_cmd_and_pose.cpp.o] Error 1\n'}
[7.516003] (my_first_package) StderrLine: {'line': b'gmake[1]: *** [CMakeFiles/Makefile2:305: CMakeFiles/sub_pose.dir/all] Error 2\n'}
[7.516131] (my_first_package) StderrLine: {'line': b'gmake[1]: *** Waiting for unfinished jobs....\n'}
[7.550700] (-) TimerEvent: {}
[7.613318] (my_first_package) StdoutLine: {'line': b'[ 71%] \x1b[32m\x1b[1mLinking CXX executable talker\x1b[0m\n'}
[7.650793] (-) TimerEvent: {}
[7.751022] (-) TimerEvent: {}
[7.777408] (my_first_package) StdoutLine: {'line': b'[ 71%] Built target talker\n'}
[7.851136] (-) TimerEvent: {}
[7.951331] (-) TimerEvent: {}
[7.973410] (my_first_package) StdoutLine: {'line': b'[ 78%] \x1b[32m\x1b[1mLinking CXX executable publisher\x1b[0m\n'}
[8.051448] (-) TimerEvent: {}
[8.119902] (my_first_package) StdoutLine: {'line': b'[ 78%] Built target publisher\n'}
[8.151530] (-) TimerEvent: {}
[8.251729] (-) TimerEvent: {}
[8.351924] (-) TimerEvent: {}
[8.452119] (-) TimerEvent: {}
[8.552302] (-) TimerEvent: {}
[8.652503] (-) TimerEvent: {}
[8.752699] (-) TimerEvent: {}
[8.852914] (-) TimerEvent: {}
[8.953148] (-) TimerEvent: {}
[9.053332] (-) TimerEvent: {}
[9.153528] (-) TimerEvent: {}
[9.253732] (-) TimerEvent: {}
[9.353962] (-) TimerEvent: {}
[9.454155] (-) TimerEvent: {}
[9.554391] (-) TimerEvent: {}
[9.654642] (-) TimerEvent: {}
[9.754841] (-) TimerEvent: {}
[9.855046] (-) TimerEvent: {}
[9.955247] (-) TimerEvent: {}
[10.055476] (-) TimerEvent: {}
[10.155684] (-) TimerEvent: {}
[10.255882] (-) TimerEvent: {}
[10.356088] (-) TimerEvent: {}
[10.456364] (-) TimerEvent: {}
[10.536887] (my_first_package) StdoutLine: {'line': b'[ 85%] \x1b[32m\x1b[1mLinking CXX executable listener\x1b[0m\n'}
[10.556457] (-) TimerEvent: {}
[10.656679] (-) TimerEvent: {}
[10.712833] (my_first_package) StdoutLine: {'line': b'[ 92%] \x1b[32m\x1b[1mLinking CXX executable subscriber\x1b[0m\n'}
[10.756780] (-) TimerEvent: {}
[10.782643] (my_first_package) StdoutLine: {'line': b'[ 92%] Built target listener\n'}
[10.856908] (-) TimerEvent: {}
[10.953111] (my_first_package) StdoutLine: {'line': b'[ 92%] Built target subscriber\n'}
[10.953899] (my_first_package) StderrLine: {'line': b'gmake: *** [Makefile:146: all] Error 2\n'}
[10.955345] (my_first_package) CommandEnded: {'returncode': 2}
[10.957132] (-) TimerEvent: {}
[10.958872] (my_first_package) JobEnded: {'identifier': 'my_first_package', 'rc': 2}
[10.969333] (-) EventReactorShutdown: {}
